cgpa,coding_score,internships_count,attendance_percentage,projects_count,communication_score,branch,selected_skills_count,placed
8.38,175,2,70,1,48,cse,8,1
7.4,180,0,68,1,72,civil,0,0
8.72,868,3,69,3,77,eee,0,1
6.22,582,2,72,1,53,eee,1,1
5.94,502,2,57,5,69,civil,1,0
7.2,715,2,95,4,96,eee,3,0
5.71,383,2,60,1,95,cse,6,0
8.36,523,1,78,2,53,eee,1,0
6.27,896,1,65,3,64,eee,8,1
6.96,936,0,69,0,91,eee,6,1
6.45,730,2,68,5,71,mech,7,1
6.13,912,2,92,3,97,civil,6,1
9.99,291,3,60,0,95,cse,2,0
9.06,582,0,79,3,78,mech,8,1
7.99,161,0,98,4,88,eee,5,1
7.46,614,0,71,4,88,ece,8,0
9.42,455,1,64,2,88,ece,8,0
9.65,150,2,86,0,47,eee,4,1
6.58,730,0,60,5,71,cse,8,0
6.08,636,1,71,4,95,civil,6,0
9.68,923,1,100,2,65,eee,7,0
7.53,403,1,59,2,41,civil,8,1
6.49,222,0,69,0,97,cse,5,1
6.57,835,3,68,4,48,civil,7,1
7.63,566,1,61,0,82,mech,5,0
7.6,896,0,98,5,81,cse,0,1
7.03,261,1,67,1,74,mech,2,0
6.75,405,0,83,4,46,cse,8,0
9.86,921,1,65,3,71,mech,3,0
9.56,318,3,55,3,56,mech,4,1
9.81,719,3,64,1,58,ece,0,1
7.94,915,2,58,0,77,mech,8,0
7.89,208,0,66,0,78,cse,3,0
9.74,733,1,92,4,42,civil,1,1
8.13,685,2,71,1,82,eee,3,1
6.09,810,2,84,2,99,cse,0,1
9.99,252,0,89,1,72,eee,2,0
9.46,400,2,73,1,68,civil,4,0
9.94,819,0,97,4,59,cse,2,1
9.5,910,1,72,2,78,ece,5,1
8.35,420,3,71,0,45,mech,4,1
7.0,283,2,65,5,68,civil,6,0
6.0,857,1,89,0,93,eee,8,1
6.07,465,2,57,2,53,ece,1,0
8.02,566,1,70,1,91,ece,6,1
8.81,490,3,97,5,91,ece,4,1
8.66,541,0,85,1,52,mech,5,1
9.08,383,1,56,5,52,mech,5,1
5.81,941,2,77,5,72,mech,8,1
5.62,417,1,92,2,42,cse,6,0
9.04,596,0,79,4,52,eee,0,0
5.51,701,1,78,3,44,eee,5,0
6.06,457,2,97,3,60,mech,4,0
6.36,830,3,98,5,97,ece,4,1
9.25,461,2,68,3,90,civil,5,1
7.49,368,3,65,5,45,eee,8,0
8.29,245,1,98,2,54,ece,2,1
6.6,636,0,84,3,96,civil,3,0
7.23,559,1,64,5,84,cse,1,0
6.48,862,3,58,4,55,cse,7,1
7.59,693,2,83,4,92,civil,6,0
7.97,312,3,83,2,88,ece,4,0
7.85,791,1,72,3,44,eee,3,1
6.94,703,0,63,1,54,mech,2,0
5.79,567,2,89,3,66,cse,3,0
7.25,938,0,91,3,70,cse,5,1
7.25,579,1,86,1,57,mech,7,1
7.01,845,3,65,3,98,ece,8,1
7.27,727,0,60,5,67,ece,7,1
6.67,485,1,84,2,61,mech,4,0
9.24,408,0,85,0,87,civil,0,0
7.07,815,0,96,0,88,cse,3,1
5.59,306,1,63,3,82,cse,3,0
6.65,527,1,93,4,87,cse,2,0
5.99,176,2,91,5,98,mech,6,0
6.39,756,1,61,5,89,eee,1,0
8.05,192,2,89,3,82,eee,1,1
7.04,580,3,61,3,63,mech,2,0
8.8,816,2,94,4,89,mech,7,1
8.79,424,2,70,0,57,mech,3,0
8.06,834,3,76,0,71,eee,2,1
7.1,414,2,72,4,84,eee,8,1
9.77,237,1,81,3,75,ece,7,0
7.71,167,0,73,1,65,ece,4,0
7.16,716,2,82,5,75,eee,5,0
6.72,407,1,62,5,52,eee,1,0
9.78,856,1,67,1,87,mech,4,1
9.89,687,2,61,1,58,ece,5,1
5.56,696,1,72,0,43,civil,4,0
6.07,920,3,61,0,76,eee,7,0
7.03,202,2,85,0,92,cse,6,0
8.1,852,0,64,1,91,civil,4,1
6.62,721,3,93,4,90,civil,3,0
7.21,603,2,92,3,59,civil,0,0
8.83,931,1,95,1,56,cse,2,1
7.98,310,0,81,3,84,civil,7,1
6.54,873,2,99,3,44,ece,4,0
8.31,827,1,82,0,74,ece,2,0
9.22,223,0,65,2,78,civil,4,0
7.61,461,3,72,4,74,mech,7,1
5.68,592,2,93,2,41,cse,3,0
9.26,739,0,98,2,76,cse,2,1
8.43,434,1,92,3,80,mech,1,1
7.34,478,0,65,2,66,mech,4,0
7.3,928,0,84,0,60,eee,5,1
8.98,676,0,97,4,69,mech,0,1
7.13,924,3,95,3,88,cse,3,1
6.09,444,3,99,3,47,cse,3,0
6.9,164,3,60,1,93,cse,7,0
8.41,307,3,100,2,72,eee,6,0
9.91,399,3,90,1,64,ece,8,1
6.11,221,2,81,2,99,civil,4,0
6.77,455,3,64,3,74,mech,5,1
8.93,536,3,75,1,84,ece,6,1
8.99,194,2,85,5,98,mech,6,0
9.07,817,1,86,0,48,civil,5,0
9.43,600,0,88,3,40,ece,6,0
9.86,226,3,71,2,79,mech,1,0
9.34,696,3,75,5,85,mech,8,1
5.81,796,2,69,5,45,mech,1,0
8.67,252,3,65,5,59,cse,0,1
5.75,517,2,82,1,55,civil,6,0
9.07,324,1,60,4,95,mech,3,0
8.12,387,3,95,2,69,eee,0,0
7.59,444,1,59,3,100,eee,4,0
7.41,406,3,74,1,64,mech,1,1
8.07,738,2,99,2,41,mech,4,1
9.39,946,0,93,5,71,eee,3,1
7.09,801,1,94,2,83,ece,1,0
8.41,466,3,57,4,63,ece,1,0
6.97,575,1,67,1,90,civil,5,0
9.61,318,2,85,2,87,eee,1,1
5.84,922,1,98,5,83,mech,8,1
9.06,164,2,89,0,69,eee,4,0
9.2,530,0,98,1,70,cse,8,1
8.25,813,0,95,3,98,eee,6,1
5.7,188,2,86,0,46,ece,8,1
7.54,836,3,92,5,86,ece,6,1
9.25,780,3,72,0,84,eee,3,1
9.78,521,0,98,2,74,eee,0,1
6.35,275,3,60,5,53,civil,0,1
7.0,278,1,59,4,53,civil,3,0
6.55,942,1,93,0,57,ece,2,1
9.09,262,0,63,0,62,ece,5,1
6.69,279,3,88,0,87,cse,7,1
7.13,757,0,83,4,54,civil,0,0
9.59,824,2,84,5,41,cse,7,1
7.42,260,3,100,3,44,cse,5,1
5.8,431,2,79,4,73,eee,7,0
7.44,868,0,96,5,96,civil,3,1
9.5,573,2,84,3,66,cse,5,1
8.49,533,1,98,3,44,cse,1,1
5.93,906,2,63,4,43,civil,8,0
8.52,570,2,97,3,95,cse,4,1
7.08,741,1,64,5,70,ece,1,1
8.0,267,2,91,1,91,mech,8,0
9.18,778,0,93,5,93,eee,0,1
8.66,466,2,77,0,51,ece,6,1
8.83,181,0,88,1,64,mech,7,1
7.17,888,2,91,4,45,cse,2,1
8.28,840,0,72,3,82,mech,7,0
7.36,370,0,77,3,47,eee,7,0
6.89,375,3,93,0,40,ece,4,0
8.95,932,2,73,2,47,cse,7,1
6.29,539,1,87,4,93,eee,1,0
8.84,596,0,84,0,95,eee,6,0
8.69,577,2,62,3,41,eee,2,0
8.28,856,2,60,3,94,cse,3,1
7.3,230,3,74,5,61,ece,5,0
5.84,798,0,88,4,52,eee,5,0
9.19,301,1,61,1,56,ece,2,0
8.92,821,0,66,5,71,mech,7,0
9.47,808,2,95,2,49,mech,1,1
8.34,431,0,77,4,44,eee,7,1
5.76,443,0,96,0,79,civil,8,0
8.11,906,0,83,4,81,ece,5,1
7.76,213,3,61,2,85,cse,8,0
5.68,874,3,83,4,73,civil,2,1
9.63,546,3,76,5,78,cse,5,1
5.93,844,3,73,2,86,civil,2,1
8.12,294,2,74,5,84,mech,2,0
9.72,467,3,96,2,92,ece,8,1
8.52,670,2,56,2,59,ece,3,1
8.95,346,1,63,1,44,eee,1,0
7.93,906,0,97,2,96,civil,2,0
6.19,335,1,83,0,66,eee,3,0
8.25,920,3,69,4,55,eee,7,0
6.37,844,3,84,2,89,mech,8,1
9.85,354,1,71,0,81,mech,5,0
5.96,678,0,73,0,88,ece,4,0
7.81,597,0,69,3,96,eee,0,0
7.28,532,1,79,0,63,ece,0,1
5.95,881,2,64,1,42,eee,7,0
6.12,872,3,83,4,40,cse,0,1
9.26,711,3,62,2,55,eee,1,1
7.39,787,3,59,0,93,mech,8,1
7.82,397,1,73,3,40,civil,5,1
7.37,830,0,88,2,44,civil,8,0
9.95,717,0,79,3,42,mech,5,1
5.57,219,2,70,5,82,cse,5,1
7.09,496,1,98,3,84,mech,2,0
5.78,944,3,57,2,52,cse,3,0
6.92,467,3,89,3,56,cse,3,1
9.38,198,2,72,0,91,eee,6,0
8.84,545,2,66,3,84,mech,5,0
7.84,234,3,60,3,78,ece,8,1
5.96,485,2,74,3,78,mech,2,0
7.08,193,2,94,3,57,cse,1,0
7.33,675,1,56,1,94,civil,7,1
5.8,947,2,78,3,100,civil,0,0
8.56,529,2,83,0,76,ece,8,1
6.91,435,1,62,0,87,ece,7,0
9.61,270,2,71,5,68,ece,4,0
9.99,354,0,63,0,68,ece,7,0
9.15,477,2,100,0,75,civil,4,0
9.33,878,1,78,4,54,cse,3,1
6.57,655,0,78,4,76,eee,7,0
7.98,776,0,59,2,65,mech,8,0
7.34,738,0,63,2,81,cse,7,0
7.83,281,1,63,3,72,cse,1,0
6.87,315,2,100,1,62,civil,4,0
6.63,800,2,63,5,59,civil,8,1
8.38,756,1,65,5,79,civil,5,0
8.04,179,0,57,5,89,civil,4,0
8.95,576,0,86,5,74,eee,4,1
9.12,851,3,74,3,44,cse,2,1
7.68,358,2,93,1,60,eee,5,0
6.09,529,0,75,1,69,cse,4,0
6.13,201,2,79,4,66,ece,2,0
9.7,888,2,67,1,71,civil,7,1
6.89,173,0,80,4,69,ece,3,0
5.72,438,3,93,5,83,mech,4,0
9.31,591,1,71,5,63,mech,5,1
5.73,725,1,78,4,58,cse,6,0
8.94,436,0,63,0,65,eee,5,0
7.15,297,1,93,4,65,civil,0,1
6.12,491,3,88,3,49,civil,8,1
9.69,476,1,80,4,87,eee,5,1
7.79,651,2,85,0,63,eee,1,0
8.13,892,0,93,3,56,civil,3,0
8.13,324,3,64,5,55,cse,1,1
7.48,578,1,81,5,53,mech,8,0
9.64,903,0,100,1,73,ece,8,1
8.48,688,3,75,1,69,civil,5,1
8.54,888,2,94,3,52,ece,4,1
6.51,454,2,100,1,84,mech,5,1
8.02,888,2,73,0,76,civil,6,0
7.28,503,1,73,0,58,cse,5,0
8.45,915,3,68,1,92,civil,4,0
8.63,290,0,94,5,77,ece,3,1
9.57,381,1,58,0,66,eee,7,1
8.97,155,1,81,5,99,mech,7,0
8.9,444,2,73,5,43,cse,3,1
8.75,188,1,81,1,99,cse,6,0
6.34,916,2,57,0,59,civil,1,0
7.01,615,3,63,4,69,eee,3,0
6.99,898,3,96,2,85,ece,0,1
9.06,731,1,66,4,94,mech,6,1
5.89,835,0,66,1,70,eee,3,1
7.23,607,2,76,2,77,civil,0,1
7.12,391,0,97,0,69,eee,2,0
7.76,870,2,99,0,80,eee,5,1
6.49,286,3,64,3,87,civil,5,0
7.97,632,1,70,5,88,civil,1,0
7.88,520,0,91,0,43,civil,8,1
7.91,318,2,88,3,47,ece,7,1
7.8,206,3,63,4,66,mech,0,0
8.53,465,0,80,2,92,cse,3,0
5.7,502,0,89,0,99,cse,7,1
7.34,937,1,96,5,81,mech,5,0
7.22,536,3,60,5,82,civil,2,0
7.06,332,3,88,1,86,ece,0,0
9.9,624,3,89,3,92,ece,3,1
6.2,343,0,57,5,66,civil,0,0
5.8,758,0,83,4,83,cse,3,0
7.31,389,1,58,1,72,eee,3,0
8.79,476,2,70,2,96,ece,8,1
6.85,212,1,95,5,67,civil,7,1
7.05,808,3,88,2,84,mech,6,1
7.19,922,3,70,1,59,ece,7,0
8.03,576,1,79,1,56,ece,5,0
9.65,529,0,89,5,93,ece,0,1
8.53,767,0,59,1,91,civil,8,1
6.44,490,2,55,1,99,ece,1,0
8.89,398,1,80,1,75,eee,4,1
7.9,517,2,71,2,72,mech,7,1
9.92,630,2,68,2,60,mech,0,0
6.5,299,0,71,4,99,civil,6,0
6.38,385,3,91,1,71,civil,5,1
9.2,890,3,84,1,86,eee,2,1
7.96,338,0,88,0,93,cse,0,0
7.36,795,1,59,5,49,cse,3,0
7.18,782,3,97,3,41,cse,8,1
5.55,692,2,89,2,41,civil,6,0
9.59,259,0,88,1,55,ece,8,1
7.09,556,0,78,3,69,civil,3,0
6.52,850,0,96,5,88,cse,1,1
7.2,637,0,95,0,84,ece,1,0
7.45,489,0,88,0,54,ece,7,1
9.66,850,2,89,4,82,cse,2,1
6.92,362,1,100,3,99,cse,4,1
6.58,548,2,79,5,48,cse,8,0
7.06,250,3,69,0,61,civil,6,0
6.97,799,2,83,3,54,eee,8,0
7.44,846,3,60,4,58,ece,1,1
6.19,878,1,79,2,63,cse,1,1
6.89,518,2,61,1,45,ece,6,0
8.0,567,0,56,0,62,civil,1,0
9.03,544,0,73,3,64,cse,8,0
9.9,735,1,98,3,50,ece,4,1
7.72,214,1,82,2,66,eee,7,0
7.13,402,3,93,4,52,mech,1,1
5.53,555,2,94,3,91,eee,7,1
9.17,816,1,74,2,78,ece,7,1
9.84,476,2,99,5,71,civil,3,1
6.76,552,2,62,4,52,civil,8,1
8.95,177,3,100,1,68,eee,1,0
9.08,568,3,63,5,59,ece,4,0
8.72,536,0,83,4,70,civil,6,0
9.66,858,3,89,0,90,eee,8,1
9.61,261,1,97,5,62,ece,0,1
8.4,812,3,76,3,46,cse,1,1
7.8,681,1,83,2,65,mech,8,1
9.99,644,0,73,3,98,cse,1,0
8.79,506,2,76,3,90,ece,8,1
7.64,598,3,75,0,59,cse,1,1
7.04,261,1,70,4,51,civil,2,0
7.42,623,1,80,5,51,ece,6,1
8.82,352,3,92,3,64,cse,3,1
8.89,214,0,89,1,63,eee,3,0
6.68,651,2,93,3,79,mech,1,1
9.3,782,1,98,5,91,eee,1,1
6.91,394,2,62,1,63,ece,8,0
8.18,738,3,82,1,71,civil,2,1
7.7,293,1,75,3,79,cse,5,0
7.68,349,3,90,4,81,mech,6,0
7.37,604,3,65,0,76,cse,3,1
6.74,700,2,65,3,76,mech,8,0
8.08,424,2,89,0,88,mech,8,1
7.41,903,1,74,0,68,eee,5,0
5.89,270,1,68,5,77,eee,6,1
6.13,361,1,58,4,62,civil,4,0
6.26,870,2,73,4,57,civil,1,1
8.88,571,0,72,5,48,ece,3,1
6.95,403,3,86,1,76,eee,6,1
5.84,937,0,80,4,87,eee,5,0
7.7,745,0,60,5,69,eee,1,0
7.29,589,1,86,2,60,eee,5,0
6.09,646,2,98,0,42,cse,7,1
9.68,311,3,84,0,67,ece,2,0
6.86,430,0,96,2,56,cse,5,0
8.42,203,3,95,2,86,ece,6,0
8.67,151,1,85,0,48,civil,3,0
7.5,158,2,62,3,84,ece,7,1
7.22,898,0,61,2,63,eee,2,0
9.16,286,1,59,4,76,cse,2,0
8.75,793,1,81,4,83,mech,3,1
5.95,920,0,92,5,64,eee,6,1
6.13,433,0,70,4,78,civil,4,0
8.61,824,2,68,4,78,civil,3,0
6.83,205,1,86,3,47,ece,7,0
5.82,162,2,75,1,64,civil,6,0
8.57,931,3,59,0,77,cse,0,1
5.68,211,3,87,2,80,civil,6,0
7.31,805,1,72,0,59,cse,8,0
9.88,309,2,80,4,80,cse,4,1
8.78,394,0,70,0,99,mech,1,0
8.24,466,1,62,0,85,ece,0,1
9.79,685,2,65,2,48,eee,1,0
5.63,589,2,88,0,56,civil,1,0
7.8,206,3,91,1,63,ece,4,0
9.52,840,0,69,5,72,cse,0,0
5.56,197,3,78,3,98,ece,2,0
9.36,716,3,69,2,55,mech,5,1
5.85,531,0,87,5,97,cse,2,1
7.82,197,3,59,3,95,eee,4,1
7.99,158,2,67,2,76,eee,3,0
8.16,655,1,89,1,49,cse,6,1
7.94,801,0,76,0,88,mech,4,1
7.88,393,3,86,0,49,eee,1,1
6.54,682,3,99,2,69,cse,1,1
8.37,553,0,92,4,43,mech,2,1
6.67,472,3,99,5,60,eee,7,1
5.84,357,1,92,0,49,cse,2,0
6.91,273,2,68,3,59,mech,4,0
5.91,852,2,100,5,78,cse,3,0
6.98,243,1,77,3,72,cse,4,1
9.96,181,3,83,4,87,civil,3,1
5.96,293,0,55,0,93,ece,2,0
7.3,852,0,92,4,56,cse,0,0
6.39,811,3,63,0,97,eee,1,1
7.57,322,3,80,3,41,mech,6,1
6.47,341,2,72,3,96,ece,0,0
8.28,812,2,86,3,96,civil,7,1
6.76,290,3,67,5,96,civil,3,0
9.11,169,3,100,2,70,civil,7,1
8.05,479,3,72,1,41,eee,3,1
9.15,437,0,85,4,62,civil,3,0
5.95,822,1,72,4,92,cse,3,0
9.92,547,2,66,1,55,civil,5,0
8.64,755,0,100,5,62,civil,2,1
6.35,654,2,66,3,42,cse,0,1
6.48,689,3,55,2,98,civil,3,0
7.03,331,2,58,0,49,civil,2,0
9.31,523,0,78,5,100,mech,1,1
6.95,311,3,95,3,81,eee,2,0
8.03,778,2,69,5,77,ece,6,1
8.6,280,1,55,5,100,civil,6,0
8.97,731,0,66,4,60,civil,3,0
5.97,658,1,76,5,44,ece,5,0
6.26,240,2,83,0,56,ece,3,0
7.08,260,0,58,3,68,mech,2,0
7.72,537,2,89,3,46,mech,3,1
5.83,184,2,56,2,56,cse,1,0
9.5,314,0,90,0,61,civil,7,0
7.44,819,1,93,3,50,cse,1,1
9.88,569,2,97,2,59,ece,1,1
8.07,652,1,58,2,40,mech,1,1
8.48,764,3,67,0,41,ece,2,0
9.9,634,0,74,3,70,mech,4,1
7.95,339,2,79,2,51,mech,0,1
7.59,381,2,91,0,49,cse,1,0
9.14,573,1,90,0,93,mech,8,1
7.91,636,1,85,2,45,mech,0,1
9.55,735,1,62,3,51,ece,3,0
6.07,583,0,98,3,52,ece,4,1
8.77,218,0,79,4,65,civil,5,0
7.84,162,3,62,3,49,ece,1,0
8.03,253,2,89,2,96,mech,4,1
7.69,773,3,57,1,57,mech,2,0
8.56,561,0,80,2,84,ece,0,0
9.64,531,0,76,2,59,eee,7,0
8.58,383,1,74,5,68,eee,4,0
8.22,241,1,83,1,98,mech,7,0
9.4,207,1,59,2,85,civil,6,1
9.33,732,0,66,1,96,ece,0,1
7.55,519,1,72,2,92,mech,8,1
9.65,847,0,70,2,71,civil,7,1
9.42,750,2,77,1,93,eee,1,1
7.24,316,1,69,5,54,ece,4,0
7.81,949,0,85,1,81,ece,0,1
8.24,462,2,82,3,94,eee,7,1
7.6,843,3,92,0,40,civil,5,1
8.17,439,2,98,0,70,cse,5,0
8.38,433,2,96,5,100,eee,3,1
8.94,208,3,97,2,83,ece,0,0
9.99,415,3,80,3,87,cse,3,1
8.71,852,3,97,2,72,eee,2,1
9.44,335,2,61,3,48,eee,8,0
6.32,846,2,96,0,54,eee,3,0
6.88,489,2,71,4,58,mech,1,0
9.4,747,0,85,1,72,cse,6,1
7.36,304,1,67,2,66,civil,7,1
9.38,334,0,86,2,80,ece,5,0
5.52,430,1,65,4,88,ece,7,0
9.01,282,3,95,3,65,mech,7,1
5.67,354,2,55,2,88,civil,3,1
5.52,901,1,69,5,96,eee,4,1
7.23,752,2,65,0,92,cse,4,0
7.55,682,2,82,5,48,eee,7,1
6.35,563,0,69,1,86,ece,3,0
8.15,323,0,78,5,81,cse,6,0
6.65,697,0,93,0,82,cse,0,1
6.02,604,3,62,4,56,mech,2,1
8.59,159,2,81,5,46,civil,4,0
8.65,578,0,87,5,79,cse,4,1
5.98,353,1,71,4,52,eee,6,0
5.68,658,1,99,3,61,ece,0,1
5.9,263,3,64,0,89,civil,1,0
5.96,412,1,84,2,56,mech,0,1
6.29,190,2,78,5,60,mech,1,1
8.91,196,0,63,5,81,ece,5,0
7.47,786,2,60,2,92,eee,2,1
7.3,617,2,79,5,94,mech,6,0
9.09,265,1,99,5,43,ece,1,1
8.16,732,3,66,4,64,eee,0,0
9.46,894,1,85,3,47,mech,7,1
6.68,471,0,100,5,73,civil,3,0
8.51,496,0,82,5,86,ece,7,1
8.54,544,1,90,4,43,cse,2,1
7.61,657,1,59,3,60,ece,5,0
5.73,378,3,80,1,45,mech,7,0
7.52,660,3,75,0,71,cse,1,1
5.66,712,0,60,4,79,eee,8,0
8.45,617,2,78,0,92,ece,7,1
8.95,764,3,100,5,63,mech,1,1
8.47,152,2,77,5,91,eee,8,1
8.66,196,1,86,1,92,mech,1,1
6.38,273,3,68,3,92,ece,5,1
7.37,798,0,83,3,82,civil,8,1
7.74,693,0,90,3,93,civil,7,0
9.01,331,1,63,0,64,civil,5,0
7.23,773,1,72,3,61,eee,7,0
6.12,766,2,99,4,95,eee,8,0
6.4,789,2,98,2,98,ece,2,1
8.62,480,0,77,4,70,civil,6,0
9.52,696,2,82,0,73,cse,0,1
5.74,207,1,72,1,58,eee,2,0
8.61,452,1,89,0,62,mech,1,0
8.54,725,1,96,4,64,ece,8,0
9.09,444,0,79,3,66,eee,8,1
8.85,357,3,69,5,85,eee,8,0
6.38,892,1,73,3,51,cse,2,0
8.81,272,3,57,3,57,civil,4,1
8.13,411,0,76,3,85,ece,0,1
6.95,202,2,86,4,75,eee,1,0
6.93,375,1,88,0,90,civil,2,0
7.92,244,2,69,1,82,eee,5,0
6.48,920,3,90,5,40,cse,5,1
9.57,778,1,57,5,96,eee,6,0
9.75,545,2,89,5,58,cse,8,1
7.19,670,3,86,0,58,ece,5,1
9.77,321,0,95,0,53,ece,6,0
6.43,869,3,96,0,87,ece,0,1
6.99,239,0,58,1,90,eee,8,1
9.2,414,3,79,3,80,mech,6,1
7.25,271,0,96,5,79,cse,0,0
5.83,664,0,73,5,59,civil,1,0
9.67,540,3,97,0,70,ece,8,1
8.86,708,2,95,1,59,eee,0,1
8.0,276,0,55,4,78,mech,8,0
5.88,365,2,68,3,97,civil,2,1
6.49,408,1,62,1,82,civil,0,0
9.7,712,3,96,4,44,eee,1,1
6.39,744,3,76,2,48,ece,1,1
5.81,348,2,86,3,61,civil,4,0
6.19,730,2,75,3,50,cse,5,1
6.5,907,3,72,2,48,eee,7,1
7.11,462,3,90,0,51,civil,1,0
9.36,293,1,71,5,96,cse,1,0
9.32,796,0,92,4,65,civil,3,0
7.98,706,3,96,1,63,mech,3,0
8.15,447,1,84,4,72,cse,6,1
5.55,394,1,87,1,68,ece,2,0
8.05,299,3,77,0,54,mech,3,1
7.16,193,1,88,2,64,mech,7,0
5.68,814,2,61,5,73,eee,4,0
8.07,535,3,78,4,81,cse,8,1
9.88,378,3,77,2,71,mech,0,1
6.13,319,1,59,4,81,eee,3,1
6.21,766,0,97,1,66,eee,1,0
7.65,365,1,96,3,41,ece,0,1
8.17,287,0,91,1,43,ece,4,0
7.82,565,0,97,2,100,cse,3,1
9.97,643,1,69,3,78,ece,2,0
7.8,321,2,84,4,77,cse,3,1
6.09,166,1,88,4,83,mech,2,0
6.3,779,0,89,4,88,cse,1,0
6.09,767,0,98,5,67,civil,6,0
5.7,692,3,69,3,90,mech,5,0
8.84,929,0,82,1,56,mech,3,0
5.88,762,3,71,1,40,cse,8,1
5.53,820,1,99,2,66,eee,1,1
8.43,409,2,89,3,76,eee,4,0
7.29,358,3,90,4,70,ece,5,1
7.68,464,2,100,3,87,ece,1,0
7.51,866,1,61,1,72,mech,5,0
8.26,850,0,65,3,80,cse,1,0
7.62,764,3,60,0,56,ece,5,1
5.67,543,3,94,5,73,eee,0,0
9.19,805,3,83,0,52,civil,4,1
9.03,672,1,94,1,83,cse,5,1
5.5,311,0,72,3,62,mech,6,0
7.83,904,0,60,4,58,civil,5,1
9.17,381,1,84,3,76,cse,4,1
7.78,722,0,87,2,61,cse,8,0
9.44,738,2,99,3,64,civil,7,1
8.91,944,3,98,3,97,civil,0,1
6.66,541,1,98,5,54,eee,6,0
7.82,159,2,70,2,45,mech,5,1
9.69,637,2,77,1,97,civil,4,1
8.86,344,3,67,1,87,ece,4,1
6.41,405,2,64,0,47,cse,7,0
8.94,704,0,85,2,79,eee,7,0
9.46,738,2,86,1,88,civil,4,1
8.88,281,0,88,3,70,civil,0,0
7.27,852,1,84,0,84,civil,7,1
5.54,840,1,79,4,46,eee,5,0
6.67,711,2,70,2,70,civil,5,1
7.74,365,3,99,2,63,mech,4,1
8.07,739,1,61,5,57,ece,8,1
7.21,299,1,85,0,51,mech,7,1
9.52,795,2,86,2,56,civil,0,1
8.61,211,1,71,3,93,cse,7,0
6.67,518,2,77,0,66,cse,5,0
9.83,353,1,73,2,60,civil,7,0
7.51,230,3,94,2,69,ece,2,0
9.68,581,3,59,0,50,eee,3,1
8.44,877,2,93,5,65,eee,7,1
9.72,915,3,81,1,51,cse,2,1
8.48,911,0,68,1,65,cse,1,1
9.45,711,0,56,3,73,cse,1,1
6.2,820,3,74,1,55,eee,7,0
6.09,324,0,57,5,62,eee,7,0
9.42,428,3,63,5,74,ece,7,1
8.36,727,3,88,5,80,civil,4,0
7.67,382,0,83,2,63,mech,4,1
5.55,685,1,77,2,70,civil,0,0
7.71,923,3,74,0,89,mech,4,1
9.09,711,2,67,3,96,civil,6,1
6.23,904,3,79,1,56,cse,6,0
7.82,777,2,73,5,87,civil,4,1
9.34,336,1,73,0,80,mech,7,1
8.3,342,2,56,1,43,civil,0,1
5.96,425,1,100,3,86,cse,3,1
5.57,372,2,81,2,90,mech,5,0
9.06,488,0,64,0,57,mech,1,0
6.32,406,3,55,0,89,ece,6,0
7.49,905,0,67,3,87,cse,8,0
6.44,548,2,75,1,80,cse,8,0
6.64,803,2,67,2,96,cse,3,0
6.56,594,2,55,1,90,eee,1,0
6.59,193,3,99,4,49,eee,1,1
7.75,852,2,95,0,43,eee,2,0
9.06,278,3,69,2,75,eee,7,0
5.6,536,2,63,2,97,cse,7,0
8.02,705,3,67,4,51,civil,5,1
7.61,763,1,59,4,49,mech,4,0
7.94,614,0,95,4,64,ece,0,0
7.14,785,1,75,5,44,civil,6,1
8.57,934,1,94,2,60,mech,5,1
7.85,218,0,63,1,95,cse,3,1
6.36,182,3,97,3,73,civil,4,1
6.49,885,0,55,1,81,mech,1,0
8.38,519,3,78,5,43,civil,4,1
8.8,461,0,68,4,46,cse,3,0
6.35,688,1,91,5,100,ece,8,0
7.37,258,2,98,3,84,mech,1,1
6.31,561,2,97,1,74,civil,7,0
9.56,713,2,78,3,88,mech,5,1
8.03,369,3,90,5,56,eee,7,1
7.29,893,0,73,4,41,civil,2,0
6.86,457,1,68,2,41,eee,8,0
8.07,735,1,61,0,69,eee,2,1
7.15,746,1,69,2,91,eee,1,0
8.06,372,0,75,3,51,mech,1,0
6.85,898,3,60,0,98,eee,5,0
7.45,273,1,96,4,99,cse,6,1
7.86,476,1,75,4,84,ece,2,1
8.79,552,3,93,4,72,cse,3,1
9.04,301,1,76,0,70,civil,0,0
6.68,558,3,99,1,88,ece,7,1
7.7,817,1,90,4,87,civil,3,1
6.7,590,2,98,4,45,cse,6,1
7.07,478,2,93,5,41,eee,2,0
8.27,602,1,83,0,99,ece,3,0
6.2,895,0,62,5,43,ece,2,0
9.19,164,2,99,0,59,mech,7,1
6.44,700,1,68,4,73,eee,8,0
8.78,294,0,79,4,97,civil,0,1
5.77,355,2,58,3,81,cse,1,0
6.72,825,2,61,0,58,mech,3,0
7.79,876,0,75,3,95,civil,8,1
6.39,618,0,57,1,99,civil,4,0
7.27,310,0,77,5,62,eee,4,1
9.9,663,2,58,5,56,mech,0,0
9.77,380,1,76,3,82,ece,1,0
7.84,844,1,81,1,76,ece,6,0
9.59,487,3,89,1,53,ece,8,1
6.41,291,2,99,5,97,civil,2,0
9.59,938,1,96,4,98,ece,5,1
7.9,886,0,66,2,93,ece,0,0
9.46,573,3,74,3,87,eee,2,0
5.98,339,0,94,4,57,civil,3,0
6.54,176,2,60,5,89,mech,2,0
8.22,879,2,66,3,71,mech,2,1
6.52,568,0,72,3,54,ece,3,1
9.67,599,3,99,2,95,mech,3,1
8.99,772,3,75,3,79,civil,8,1
9.44,189,0,83,3,92,cse,3,0
7.28,902,0,90,3,73,cse,3,1
7.29,461,2,84,1,67,eee,0,0
9.57,624,3,60,5,72,cse,2,0
9.72,862,1,80,3,60,mech,0,1
8.16,879,1,84,0,56,eee,2,0
6.06,266,3,95,2,45,civil,6,0
9.89,776,1,79,4,64,cse,2,0
8.04,825,1,65,1,51,cse,6,1
8.79,606,2,95,1,47,ece,3,1
8.94,162,3,86,3,74,cse,7,1
8.15,637,3,81,3,45,civil,0,1
7.96,784,1,58,1,49,cse,5,1
9.34,833,2,76,0,43,cse,6,0
6.23,441,1,84,5,77,eee,0,1
6.85,527,3,59,3,93,civil,1,1
6.11,861,2,76,4,66,civil,3,0
8.25,261,0,85,5,84,civil,4,0
9.32,415,2,63,4,76,mech,8,0
7.74,334,1,100,2,52,cse,1,1
8.31,270,1,94,3,66,cse,5,1
9.13,367,0,95,1,84,eee,4,0
6.88,668,2,55,0,83,eee,5,0
8.06,179,1,67,2,93,eee,7,0
9.09,811,1,85,1,80,mech,8,0
7.58,573,0,88,2,76,eee,8,0
6.44,851,2,77,0,49,eee,0,1
7.19,697,1,91,4,64,ece,1,0
8.88,872,2,100,0,57,mech,1,1
6.57,612,2,68,4,59,ece,1,1
5.67,356,0,83,4,41,mech,8,1
7.03,645,2,75,1,89,cse,8,0
6.1,891,0,84,3,85,civil,1,1
9.7,853,0,76,3,96,cse,1,1
8.47,469,0,91,2,80,ece,5,1
6.79,695,2,83,5,47,eee,2,1
6.02,787,0,68,4,62,civil,5,0
9.74,440,1,65,0,59,civil,5,0
5.73,179,3,98,0,46,mech,0,1
7.26,871,3,94,2,59,eee,3,1
8.52,696,0,84,4,48,cse,7,1
6.9,809,3,85,1,100,ece,2,0
8.28,522,3,66,5,98,eee,5,1
5.64,636,0,77,3,69,ece,4,0
8.22,280,0,80,5,90,cse,5,0
5.82,459,3,80,4,66,ece,3,0
9.88,543,0,76,1,92,civil,6,0
7.46,500,1,66,5,82,cse,7,1
8.18,483,0,83,1,59,mech,1,0
8.58,760,3,75,3,81,cse,1,1
6.13,744,0,64,5,49,mech,8,1
8.27,607,1,68,5,96,eee,4,0
9.61,461,3,100,2,45,civil,0,1
7.8,280,2,58,2,97,civil,0,1
8.02,517,0,73,0,55,mech,6,0
8.7,565,3,82,4,53,ece,7,1
8.0,518,3,64,2,95,ece,2,1
8.42,297,3,97,3,48,cse,2,1
7.37,616,3,94,1,69,civil,6,1
7.53,513,1,66,3,78,cse,7,0
6.57,663,2,81,4,76,eee,0,0
8.06,871,2,62,4,70,cse,2,0
7.87,918,2,84,4,45,civil,1,1
8.34,829,0,98,5,74,civil,4,1
9.57,697,0,85,3,72,mech,5,1
9.82,451,2,65,0,84,civil,4,0
8.04,212,3,92,1,76,cse,4,0
8.31,443,3,60,1,72,cse,4,1
8.27,431,2,55,5,47,civil,2,0
8.83,824,3,78,1,56,ece,7,1
7.87,183,2,60,1,78,ece,7,0
7.36,542,1,97,3,86,ece,3,0
9.29,205,2,62,0,50,mech,6,0
7.64,920,1,79,5,85,mech,7,1
7.89,595,0,73,3,64,eee,8,0
5.68,694,2,82,4,98,eee,5,1
9.11,411,3,84,5,87,ece,3,1
8.55,334,2,90,0,83,cse,1,1
5.94,256,3,77,1,86,eee,4,1
5.61,244,0,93,5,97,ece,1,0
6.04,769,1,79,5,88,civil,2,0
8.63,409,2,84,5,99,cse,7,0
6.74,587,2,71,1,89,cse,4,0
7.22,490,0,71,2,51,mech,1,0
9.68,774,3,66,5,71,cse,2,1
7.44,778,0,83,5,56,cse,0,1
8.07,406,3,56,3,49,cse,0,0
6.7,866,2,80,4,40,civil,7,1
7.32,895,0,89,1,40,mech,7,1
7.91,517,2,98,2,65,cse,1,1
9.34,498,0,84,2,81,ece,2,1
9.85,826,1,74,5,64,cse,5,1
9.48,598,1,63,0,52,cse,3,0
5.78,703,2,86,4,93,mech,0,1
5.75,888,0,80,0,53,civil,7,0
9.42,699,1,92,1,99,cse,0,0
7.7,169,3,94,0,55,ece,0,1
5.72,464,0,84,4,50,civil,1,0
5.98,659,1,59,1,67,eee,6,0
9.89,739,1,75,1,88,cse,2,1
6.04,294,3,65,5,63,civil,2,0
9.67,191,1,61,5,79,mech,2,1
7.69,156,0,66,0,85,civil,4,0
9.13,941,3,99,1,53,ece,4,1
7.35,328,0,93,1,85,mech,1,0
9.02,506,3,55,4,55,ece,1,0
9.9,783,2,89,4,54,mech,3,1
6.37,302,3,86,1,50,cse,0,0
6.78,595,2,76,4,91,mech,0,1
5.74,700,1,65,0,71,civil,1,1
6.56,605,2,81,1,87,eee,3,0
6.97,250,1,81,1,64,ece,1,0
7.68,596,1,68,4,69,ece,6,1
7.56,348,2,72,1,61,ece,0,0
5.77,289,0,84,3,66,ece,5,0
6.83,310,1,91,4,94,ece,1,1
7.85,371,3,84,2,40,mech,3,1
7.45,377,1,91,0,66,cse,0,0
8.8,666,0,82,4,65,mech,1,1
6.58,721,0,99,5,66,ece,2,1
6.58,242,0,85,5,59,ece,7,0
8.86,174,3,84,1,95,mech,2,0
7.17,625,0,95,0,64,eee,8,1
7.42,426,1,98,0,79,eee,0,0
9.6,522,0,62,3,63,mech,0,1
6.29,722,0,90,5,89,ece,2,0
6.57,266,3,92,5,53,ece,5,1
6.7,846,3,72,0,44,eee,5,1
7.76,275,3,100,4,83,civil,4,1
7.16,839,0,67,3,45,cse,6,0
6.8,228,0,65,2,47,ece,7,1
6.42,792,0,73,3,83,civil,2,0
7.39,905,0,73,1,44,cse,3,0
7.84,493,3,92,2,81,eee,7,1
8.64,711,3,84,2,76,ece,4,1
6.67,645,2,73,0,49,eee,4,1
6.25,314,2,66,1,93,ece,2,1
5.69,474,1,83,2,63,ece,3,0
5.66,474,2,64,2,68,civil,2,0
6.05,175,3,86,1,100,mech,5,1
9.87,709,2,96,5,58,mech,4,0
8.89,737,1,91,5,98,mech,5,1
8.79,191,1,98,4,47,eee,0,1
9.28,606,2,60,2,43,civil,3,0
6.5,935,2,67,0,45,civil,7,0
9.81,674,3,67,3,60,civil,8,0
9.59,519,3,64,5,94,mech,5,1
5.55,503,2,74,3,95,civil,1,1
9.5,909,3,83,2,50,mech,6,1
8.14,238,1,68,2,70,civil,5,1
9.82,924,3,60,0,66,eee,6,1
7.58,731,1,67,1,93,mech,4,0
5.69,459,2,86,4,87,mech,3,1
5.51,418,2,95,5,70,cse,4,0
7.71,854,1,56,0,88,eee,7,0
5.8,913,2,92,3,76,mech,4,0
7.64,860,0,78,4,86,civil,0,0
6.23,209,1,75,3,96,ece,5,1
6.73,579,2,58,2,58,civil,1,0
8.95,337,0,93,1,74,eee,5,0
8.58,458,2,98,5,84,eee,1,1
7.08,297,0,63,4,58,eee,7,0
9.64,316,0,68,1,72,ece,3,0
8.01,856,0,81,3,98,cse,1,0
9.66,641,2,74,5,63,ece,7,0
8.19,931,2,66,5,59,cse,1,1
9.36,295,1,74,1,53,ece,1,1
8.93,264,0,56,3,88,mech,0,1
5.65,825,0,85,0,98,eee,0,1
8.5,922,0,62,4,53,civil,3,1
7.08,242,1,72,4,62,eee,2,0
9.01,777,1,87,4,44,cse,0,1
8.72,438,1,89,0,86,cse,3,0
9.33,636,2,99,4,51,mech,1,1
7.1,538,3,68,4,54,mech,1,0
6.91,627,0,88,1,71,eee,4,0
5.68,485,3,62,3,58,mech,4,0
9.28,381,3,73,3,52,cse,7,0
7.15,163,3,98,0,65,mech,8,0
5.88,296,3,80,5,77,cse,2,1
9.89,496,1,93,3,47,ece,6,0
6.75,880,2,96,3,62,mech,6,0
7.8,300,3,61,0,56,mech,7,1
9.74,180,0,58,0,71,cse,2,0
8.56,306,2,94,4,46,cse,8,0
9.07,356,2,97,3,71,civil,4,1
9.14,703,0,57,3,96,cse,6,1
9.34,603,3,57,0,51,civil,4,0
6.24,591,1,74,5,64,mech,1,0
7.71,717,3,85,4,94,ece,8,1
6.69,755,3,94,5,62,eee,5,1
8.16,281,2,77,5,77,cse,5,1
7.43,515,3,77,0,82,ece,3,1
6.9,236,0,74,0,61,ece,0,0
5.67,823,3,91,4,97,mech,4,1
7.61,172,2,79,4,64,eee,1,0
5.95,841,1,76,3,72,eee,2,0
7.14,596,1,86,5,94,cse,8,1
6.69,454,3,69,4,87,cse,1,0
6.73,730,3,82,1,62,cse,4,1
6.85,829,2,67,3,65,eee,8,1
8.94,334,0,95,5,73,ece,7,1
9.83,910,3,72,5,74,civil,6,0
8.77,211,1,78,3,49,ece,2,0
8.94,595,3,75,0,80,ece,6,1
6.79,314,2,98,4,55,mech,3,1
6.36,401,2,84,3,75,mech,6,0
5.67,313,2,63,0,56,eee,8,1
9.34,889,3,56,0,95,cse,5,1
9.4,566,2,97,5,96,cse,6,0
8.76,293,1,62,4,87,civil,1,0
9.23,943,2,86,0,55,civil,1,0
6.91,748,3,70,3,53,ece,1,1
9.86,600,3,71,4,43,mech,8,1
9.77,474,3,85,5,55,eee,2,1
8.72,465,0,96,4,42,cse,3,1
7.23,804,2,98,0,74,ece,7,1
9.59,552,2,74,0,99,ece,4,1
9.51,599,2,96,3,90,cse,4,0
9.2,653,3,81,2,85,mech,1,0
8.64,668,0,77,3,78,civil,5,1
5.62,203,1,95,3,90,ece,0,0
8.33,471,0,62,1,55,civil,2,0
8.59,477,3,85,5,48,eee,2,1
9.22,438,1,60,3,63,ece,6,0
9.75,734,1,56,0,99,civil,3,0
9.88,353,2,99,1,43,mech,6,1
6.17,526,1,91,0,40,civil,6,0
9.68,839,3,62,1,85,ece,3,0
9.16,422,2,86,3,48,mech,3,1
9.98,439,1,81,1,66,ece,0,1
6.68,782,3,70,2,77,mech,1,1
6.1,481,3,98,1,85,mech,6,0
6.65,247,0,58,2,99,ece,7,0
9.99,836,0,55,2,72,civil,6,1
7.28,529,1,90,0,77,ece,4,1
7.72,497,3,63,0,60,civil,6,1
6.03,195,1,86,2,87,eee,6,0
9.45,777,2,88,2,67,ece,5,1
7.71,304,3,58,1,49,cse,3,1
7.62,317,3,82,0,97,mech,0,1
9.95,724,3,84,3,47,ece,1,1
6.42,440,1,65,5,72,eee,3,0
9.87,688,1,81,0,55,mech,1,0
5.62,847,0,80,2,77,cse,5,1
5.86,874,3,84,5,57,civil,0,1
5.7,787,3,75,5,86,civil,2,1
5.72,809,2,75,0,87,cse,8,0
7.22,558,2,66,1,89,mech,1,1
6.44,547,3,73,5,88,ece,1,1
9.1,903,2,98,4,48,eee,1,1
7.81,651,3,79,3,57,civil,6,1
7.4,527,1,82,5,67,cse,0,1
9.88,842,1,96,5,85,ece,7,1
8.41,235,2,84,3,45,mech,4,1
6.08,457,1,88,3,58,civil,0,0
9.63,675,0,87,3,66,cse,7,1
8.06,409,2,71,4,45,civil,0,1
8.48,333,1,80,0,45,mech,4,1
8.76,925,3,94,2,61,ece,3,1
8.86,768,2,98,0,67,civil,0,1
6.03,325,3,84,5,65,civil,7,1
9.16,781,2,99,5,84,mech,4,1
6.11,345,0,56,5,52,cse,3,0
6.15,397,3,95,4,52,cse,4,0
6.17,582,0,62,1,97,ece,7,0
7.62,610,1,67,2,76,mech,0,1
5.96,880,3,81,3,87,civil,8,0
5.67,559,3,87,4,86,civil,7,1
5.77,169,3,91,2,75,cse,4,0
7.38,634,0,86,4,100,eee,7,0
5.59,444,1,85,2,68,ece,8,1
9.59,497,3,63,2,86,mech,6,0
8.53,902,2,85,1,79,ece,4,1
5.89,644,1,66,1,50,civil,7,1
7.37,655,2,70,1,75,cse,0,1
6.67,843,1,66,4,42,cse,5,1
8.28,273,1,86,2,61,eee,0,0
8.01,304,0,100,0,99,mech,7,0
8.9,258,0,90,0,72,cse,2,0
9.42,520,1,73,5,68,civil,7,0
5.95,812,2,76,1,47,ece,7,0
8.96,156,1,85,2,58,civil,2,1
7.18,922,3,78,5,82,ece,2,1
7.88,383,1,82,3,98,mech,7,0
7.82,848,2,56,3,49,cse,8,0
5.88,472,3,65,3,43,mech,0,0
8.39,738,0,95,5,91,civil,4,1
9.49,867,2,75,2,40,eee,8,1
6.16,563,3,96,1,96,civil,7,0
9.49,950,3,67,2,45,cse,8,1
8.76,907,1,88,4,58,ece,1,1
6.91,498,1,56,0,96,civil,4,0
8.98,893,3,87,0,86,cse,5,1
7.78,276,0,96,0,68,eee,0,0
9.92,913,1,77,2,58,civil,2,1
7.84,403,0,75,4,77,ece,5,1
6.16,585,3,60,0,43,mech,2,0
7.51,528,3,92,4,73,mech,4,1
8.36,600,3,81,1,49,civil,2,1
7.56,871,0,99,1,69,mech,0,0
9.75,528,0,93,3,47,cse,5,1
5.68,306,0,78,2,63,eee,4,0
9.06,295,3,58,2,96,eee,3,1
8.83,152,0,90,2,44,cse,6,0
6.89,613,2,79,3,93,civil,2,0
7.77,621,3,97,3,49,eee,1,0
8.49,569,3,69,3,61,civil,0,0
9.51,903,2,96,0,95,ece,0,1
9.08,874,2,90,5,47,civil,1,1
8.28,740,0,91,4,52,mech,8,0
6.04,694,1,56,2,90,ece,3,0
9.28,743,3,60,4,78,eee,6,1
7.71,173,2,82,1,66,cse,8,1
6.66,267,0,89,1,58,ece,2,1
5.9,464,3,98,1,43,civil,5,1
8.71,455,3,61,2,49,mech,5,1
9.74,273,0,67,1,88,civil,3,0
8.89,544,0,72,0,60,mech,8,1
7.68,567,1,56,2,75,civil,1,1
8.0,278,2,91,3,68,cse,8,1
9.86,532,1,70,4,100,mech,8,1
5.5,625,2,96,1,40,cse,7,1
6.63,846,3,77,5,53,civil,8,1
6.23,696,0,74,0,65,cse,2,0
9.99,592,1,94,4,91,eee,5,1
9.91,874,3,72,1,82,eee,5,1
9.82,486,0,99,1,81,cse,7,1
5.54,327,3,90,5,85,mech,6,0
9.04,814,0,89,0,97,mech,1,1
9.16,765,2,79,1,93,cse,1,1
9.71,605,0,69,5,41,eee,5,1
9.17,790,2,100,1,54,mech,5,1
7.72,870,1,55,1,92,mech,1,0
8.06,655,1,90,1,82,civil,2,1
6.08,216,1,71,4,94,ece,8,0
6.73,844,0,99,5,74,civil,4,0
9.47,152,3,96,5,100,cse,5,1
9.98,430,0,98,4,69,mech,5,1
5.7,888,1,58,2,98,mech,8,0
5.52,349,2,60,4,91,cse,3,0
7.41,226,1,67,1,61,eee,1,0
5.94,641,3,56,4,91,eee,4,1
7.63,498,0,76,4,90,ece,1,0
8.29,932,0,95,3,77,cse,1,0
9.63,536,2,99,0,90,ece,0,0
7.49,458,3,59,0,83,cse,8,1
9.32,561,0,94,3,54,civil,0,1
7.59,588,0,76,5,100,cse,7,1
8.15,260,0,55,4,85,cse,3,0
6.07,671,2,77,3,70,civil,7,1
6.12,195,0,63,2,77,mech,8,0
8.89,468,1,64,3,59,civil,5,1
9.87,680,1,58,1,72,civil,0,1
6.38,355,1,59,2,52,mech,7,0
6.99,742,2,94,2,66,eee,2,1
9.44,193,3,69,0,80,ece,3,1
6.46,642,2,79,1,65,ece,0,1
5.83,180,0,64,2,68,ece,5,1
5.63,352,2,66,1,96,eee,2,0
8.0,332,1,56,1,93,eee,1,1
8.55,538,0,76,1,59,mech,3,1
7.18,325,3,100,0,47,ece,2,0
6.36,537,2,75,4,67,ece,0,0
8.14,698,2,64,2,55,cse,4,0
9.33,748,3,68,5,45,mech,1,1
7.25,810,2,86,4,69,ece,5,0
7.86,644,3,85,2,77,mech,0,1
9.53,612,1,80,1,59,mech,6,1
9.71,533,2,90,0,48,cse,4,1
7.08,747,0,84,4,79,eee,6,1
7.45,526,3,75,2,64,cse,2,1
6.7,227,2,60,2,93,civil,8,0
5.85,433,1,61,0,44,eee,0,0
7.0,841,2,71,2,87,eee,3,0
9.99,920,2,55,2,58,eee,6,0
9.2,925,0,85,5,72,ece,6,1
8.76,364,3,69,4,77,civil,7,0
7.58,237,2,67,3,89,mech,3,0
9.34,180,2,63,4,95,ece,4,0
5.54,824,2,76,1,66,mech,6,0
8.61,456,2,92,0,76,cse,2,1
9.79,488,3,79,1,100,mech,1,1
6.35,261,2,91,3,80,eee,1,1
8.54,331,0,99,4,71,cse,2,1
9.6,545,2,68,1,58,civil,1,1
7.16,161,1,75,3,65,ece,1,1
7.38,910,0,79,1,48,ece,4,1
8.69,636,1,93,4,100,eee,3,1
8.58,432,1,55,1,68,cse,6,0
6.61,486,3,84,3,76,cse,1,1
9.46,617,2,99,5,90,eee,6,1
9.14,329,3,70,1,97,civil,6,1
9.6,337,0,80,5,100,cse,3,0
6.21,793,2,97,0,84,ece,7,1
8.93,274,2,59,0,72,eee,6,0
6.64,668,0,84,0,44,mech,6,1
7.3,349,3,57,0,56,cse,2,1
8.87,646,3,59,0,75,ece,7,1
9.19,315,1,56,4,46,ece,4,1
8.84,322,0,97,0,83,eee,2,1
6.3,881,0,98,4,53,mech,0,0
9.15,806,0,79,5,59,mech,0,1
5.72,536,1,70,2,98,ece,3,1
7.4,164,2,67,5,82,cse,3,0
5.93,830,1,65,0,66,civil,1,0
6.95,791,1,94,1,99,civil,6,0
6.04,368,0,77,2,51,cse,6,0
5.55,367,3,69,0,82,eee,5,1
9.48,570,2,93,3,46,civil,2,1
5.93,482,3,98,5,48,eee,2,0
9.48,475,3,59,2,41,civil,7,1
8.38,388,0,69,0,79,cse,4,1
7.43,399,0,58,1,63,mech,4,0
7.19,807,0,70,5,78,mech,5,1
6.93,928,0,88,3,81,eee,0,1
8.8,500,1,68,4,43,ece,3,0
7.22,479,1,83,5,40,cse,7,1
6.37,799,1,68,1,45,ece,8,0
9.69,391,0,82,5,69,eee,2,0
6.6,330,1,74,2,76,mech,3,1
9.02,231,2,80,3,50,mech,7,1
8.24,593,1,85,0,88,mech,6,0
8.91,457,1,90,5,51,eee,6,1
7.54,534,3,59,2,48,mech,3,1
6.35,163,2,86,3,99,mech,6,0
7.18,651,2,96,4,44,mech,0,0
6.06,729,1,67,3,56,eee,8,0
8.36,527,0,96,3,99,mech,3,1
5.66,520,0,99,5,81,ece,4,0
9.75,300,2,70,4,77,ece,0,1
5.92,878,3,80,5,77,cse,8,0
9.44,319,3,71,5,59,civil,8,1
7.22,465,3,60,0,80,civil,5,0
6.71,364,3,99,2,40,ece,7,1
5.81,863,3,88,3,81,eee,6,1
7.19,870,1,67,3,51,civil,1,0
9.16,340,1,58,5,51,ece,4,0
9.42,601,0,95,1,45,eee,1,1
6.75,500,0,92,1,70,mech,1,1
6.7,157,0,61,1,73,cse,6,0
9.94,929,2,86,3,88,eee,6,1
8.57,501,2,70,2,82,mech,6,0
9.89,488,0,55,3,95,mech,2,1
6.05,693,2,99,1,63,mech,7,0
8.47,153,2,56,5,63,cse,5,0
6.55,646,3,94,0,62,mech,7,0
9.36,252,3,73,4,52,ece,8,0
9.03,883,0,63,3,90,cse,4,0
9.98,628,1,83,0,70,civil,3,1
6.27,825,0,61,3,85,cse,2,0
6.97,542,2,69,5,56,mech,1,0
9.65,798,3,60,5,61,ece,1,1
7.2,884,3,96,5,90,civil,6,0
6.51,268,2,60,0,45,eee,3,0
6.02,526,1,75,3,76,cse,4,1
7.91,547,3,75,2,91,ece,8,1
8.16,259,3,55,4,94,mech,5,1
9.74,374,3,98,3,49,civil,4,1
8.49,869,0,93,2,59,civil,1,1
9.31,737,3,95,1,71,eee,6,1
9.15,306,1,69,5,87,cse,2,0
8.77,456,1,56,4,65,eee,6,0
9.96,925,3,80,0,73,eee,4,1
6.38,711,3,61,1,60,civil,0,0
8.69,618,1,91,1,68,mech,4,0
6.44,916,1,96,0,63,civil,1,0
9.95,301,3,82,5,93,ece,0,1
9.88,333,0,62,4,81,eee,6,0
8.32,563,1,57,0,55,mech,7,1
8.18,326,3,99,5,82,cse,7,0
8.43,431,3,78,0,47,cse,1,1
8.39,671,1,56,4,76,civil,7,1
8.85,757,1,79,3,81,mech,4,1
5.95,215,1,80,5,41,mech,8,0
9.03,692,3,59,4,93,civil,8,0
9.06,277,1,97,0,51,civil,2,1
7.51,471,0,57,1,76,ece,2,1
6.66,921,0,60,0,72,eee,5,0
6.27,823,0,70,2,42,civil,4,0
7.5,740,3,99,2,73,eee,8,1
8.6,828,0,70,0,52,ece,4,0
6.47,287,1,92,2,57,ece,6,1
6.65,540,1,80,3,45,eee,6,0
6.14,358,0,95,5,57,ece,5,0
8.41,673,1,81,1,60,mech,6,1
8.22,229,2,62,4,47,civil,6,1
8.38,521,2,72,1,95,ece,4,1
7.2,377,3,61,0,51,civil,4,0
9.13,247,2,99,4,95,eee,8,1
5.95,199,1,75,3,51,eee,8,0
9.47,562,3,92,1,56,cse,8,1
8.46,296,3,91,5,57,cse,5,1
6.62,773,3,100,3,51,mech,5,0
7.76,432,3,88,5,96,ece,4,1
5.89,462,3,75,0,80,cse,1,0
9.75,319,0,60,5,58,civil,7,0
5.55,584,1,85,3,72,civil,1,0
8.27,913,0,100,3,84,civil,5,1
8.83,690,0,93,3,50,civil,3,1
7.15,286,2,58,3,71,mech,2,0
6.01,845,1,89,0,58,eee,7,1
6.46,905,3,68,2,99,civil,0,0
9.52,649,0,77,0,79,mech,5,1
5.98,508,1,80,2,40,cse,6,0
5.88,676,1,81,0,98,mech,0,1
8.45,381,3,80,2,59,eee,6,0
7.91,425,0,83,5,93,mech,2,1
8.86,155,2,100,1,47,ece,4,1
7.28,911,2,57,1,82,ece,7,0
9.92,271,3,86,4,71,ece,5,1
9.01,559,3,63,0,46,cse,2,1
7.75,935,1,58,5,93,eee,6,0
8.82,594,3,73,2,71,cse,6,1
6.19,673,1,70,2,89,cse,4,0
6.61,589,1,85,5,90,cse,8,0
6.35,755,1,69,0,48,mech,0,0
6.36,299,3,56,4,52,cse,0,0
7.86,866,1,69,2,67,mech,0,0
8.4,461,0,72,2,57,eee,6,1
9.53,336,0,55,0,82,eee,3,1
6.76,771,0,82,1,56,mech,5,1
6.0,835,0,98,4,89,ece,5,1
9.15,910,2,70,5,57,ece,6,1
5.98,794,0,57,4,98,ece,3,0
9.66,226,2,74,5,70,ece,8,0
5.7,346,3,90,5,56,civil,5,0
7.52,884,0,82,0,70,mech,8,0
7.77,172,1,93,2,84,ece,4,1
8.05,860,1,80,3,83,civil,8,0
6.24,918,3,90,3,65,civil,4,1
5.52,735,1,92,5,40,civil,7,0
8.74,415,2,69,2,85,eee,8,1
6.51,696,1,73,0,80,ece,4,0
6.72,202,1,68,4,47,cse,5,0
9.87,482,0,100,4,56,ece,6,0
6.83,208,0,77,1,86,eee,2,0
5.57,823,0,99,3,100,eee,8,1
7.49,482,2,68,4,80,mech,2,0
8.78,594,2,64,3,45,mech,2,1
9.17,330,1,91,3,100,ece,4,1
6.23,331,3,98,4,52,cse,2,1
6.6,810,3,61,5,73,ece,0,0
7.2,171,0,55,5,99,cse,2,0
5.88,296,0,55,0,74,eee,1,0
7.66,726,3,65,2,61,mech,2,1
7.95,423,0,56,0,46,civil,4,1
9.49,575,1,55,1,41,ece,6,1
7.09,443,1,98,3,83,cse,7,1
6.0,254,2,77,0,79,eee,1,0
9.66,236,0,93,1,51,mech,8,1
6.32,585,1,97,5,59,civil,4,1
5.97,661,2,71,5,91,cse,0,0
9.9,946,1,75,1,64,mech,7,0
6.01,587,2,64,0,60,ece,2,0
7.09,656,3,85,5,66,civil,5,1
9.75,401,3,81,4,71,civil,8,1
7.91,385,3,60,4,85,mech,8,0
8.62,916,1,99,0,55,eee,0,1
9.33,521,3,63,0,43,eee,5,0
9.4,292,2,84,1,93,civil,6,1
9.23,207,1,62,5,85,ece,6,0
8.63,584,2,58,5,46,civil,1,0
8.17,311,0,64,2,49,cse,3,1
8.06,576,1,66,3,87,ece,8,0
6.85,571,2,83,5,84,cse,4,1
5.77,807,0,93,1,72,ece,0,0
7.41,615,2,91,4,59,ece,6,0
6.72,244,3,63,5,53,mech,0,1
6.33,913,0,99,3,70,eee,6,0
6.24,530,3,67,2,46,cse,1,1
9.0,493,0,70,2,50,civil,1,1
8.19,924,2,67,4,52,cse,3,1
9.89,728,0,91,3,42,cse,5,1
6.89,515,2,80,4,52,eee,6,0
9.88,869,0,76,3,97,civil,1,1
8.99,174,3,85,4,95,cse,4,1
8.57,230,0,100,1,96,ece,2,0
6.22,663,2,83,1,61,eee,5,0
9.73,190,3,70,1,79,civil,1,0
8.05,659,0,55,1,89,eee,8,0
9.09,239,3,61,3,60,ece,4,1
6.76,522,2,60,0,51,mech,4,0
9.9,931,3,96,1,100,cse,7,1
9.37,560,3,94,5,48,mech,5,1
8.31,471,2,60,5,66,civil,7,1
9.44,848,0,94,5,43,ece,8,1
9.34,447,3,65,4,65,cse,3,1
7.58,245,2,84,3,81,civil,7,1
6.31,260,3,82,1,65,eee,1,0
9.98,647,1,99,5,70,cse,4,1
7.95,631,1,95,1,60,civil,0,0
8.98,213,2,82,3,53,cse,3,0
9.79,850,3,72,2,80,ece,1,1
6.73,233,2,100,3,95,mech,8,1
9.52,338,0,60,3,61,eee,2,1
9.74,643,3,89,5,90,ece,6,1
8.62,548,0,90,4,52,cse,2,1
9.94,901,2,55,1,97,mech,2,1
6.92,840,3,71,4,86,cse,7,0
9.36,799,3,95,4,46,cse,3,1
6.34,863,1,93,3,53,eee,3,0
9.87,740,0,78,2,41,eee,4,1
9.4,866,3,96,3,66,mech,5,1
7.94,685,2,62,1,69,mech,5,1
8.18,705,3,79,2,94,mech,4,0
9.72,251,0,61,0,81,cse,6,1
8.87,788,0,95,3,72,civil,0,0
9.33,366,1,84,4,64,cse,3,0
9.78,509,3,81,5,85,mech,0,0
9.02,669,2,72,5,56,eee,6,1
5.52,574,0,55,0,49,eee,8,0
8.2,493,1,91,3,55,civil,6,1
8.4,202,3,63,5,64,ece,6,0
7.83,597,1,61,5,91,ece,8,1
8.1,551,2,90,1,100,eee,3,1
5.62,161,1,56,4,85,civil,1,0
5.61,901,1,84,5,80,eee,2,1
9.54,454,1,89,1,86,mech,4,0
6.74,297,0,95,4,95,cse,1,0
8.18,259,1,73,2,97,ece,1,1
9.3,362,3,61,3,90,cse,6,1
9.82,228,1,98,3,64,eee,7,0
6.31,160,1,97,4,80,civil,0,1
7.04,505,3,94,4,74,cse,2,1
6.65,274,1,93,0,74,cse,8,0
6.19,523,0,68,0,60,ece,3,1
8.61,279,2,72,3,52,cse,5,0
8.43,628,3,82,4,100,mech,3,1
6.39,884,2,80,0,77,civil,4,1
6.43,889,3,82,3,67,civil,4,0
8.3,771,3,82,1,76,eee,5,0
9.19,610,1,57,4,56,civil,6,1
9.22,810,2,80,0,47,ece,5,1
6.34,401,0,68,5,63,eee,2,0
6.05,476,0,100,2,53,mech,5,0
8.03,544,2,93,1,73,ece,1,1
8.72,837,0,91,5,66,mech,5,0
6.39,200,3,86,0,57,mech,1,1
6.27,484,3,70,4,41,eee,0,0
9.35,154,3,73,1,93,mech,0,0
9.63,190,2,96,0,44,mech,1,0
7.37,458,2,75,2,65,cse,8,0
7.72,198,3,74,5,69,mech,1,0
9.72,255,0,69,0,92,cse,2,1
6.95,854,3,69,1,45,ece,5,0
7.92,155,0,71,0,47,cse,4,1
6.98,777,3,72,5,50,ece,7,1
6.94,301,3,95,3,82,cse,8,1
8.1,827,3,72,2,89,mech,3,1
8.95,878,0,77,4,93,ece,3,1
5.84,656,0,68,0,82,ece,7,0
6.35,257,2,68,4,88,civil,8,0
8.92,469,3,96,1,94,civil,1,0
6.48,522,3,83,4,72,ece,6,1
6.75,318,2,91,5,46,ece,7,0
8.85,396,0,84,1,57,cse,7,0
7.54,421,0,90,0,62,mech,3,1
7.76,670,2,58,3,57,eee,1,1
7.22,582,1,73,1,65,ece,4,0
7.72,593,0,98,0,81,ece,1,1
5.74,186,2,70,0,74,cse,4,0
8.29,883,3,80,3,46,ece,4,1
6.27,358,2,95,2,85,civil,4,0
5.92,665,3,74,5,55,ece,5,0
6.25,490,3,64,0,82,mech,6,0
6.3,420,0,65,5,88,cse,5,0
8.12,650,1,85,0,42,cse,4,0
7.86,321,1,61,0,59,eee,7,0
7.08,708,2,97,3,56,eee,7,1
7.09,877,2,88,5,94,civil,7,1
8.59,895,0,64,3,94,ece,2,1
5.64,741,3,78,1,87,cse,3,0
7.2,260,2,95,5,74,mech,8,1
9.6,507,2,80,4,66,eee,4,1
8.11,868,2,94,0,67,mech,5,1
9.86,660,1,84,5,49,civil,4,1
8.49,460,3,73,0,91,eee,0,1
6.48,757,0,58,3,59,cse,6,0
9.25,201,2,63,2,96,eee,8,0
8.96,308,0,100,2,49,ece,6,0
5.86,374,0,85,2,55,mech,6,0
9.57,417,2,93,2,51,civil,6,0
6.95,742,1,98,1,56,ece,6,1
6.85,237,2,91,5,69,civil,2,1
9.44,597,0,63,4,68,eee,8,0
8.71,629,2,82,3,66,mech,7,1
8.02,935,3,60,1,79,eee,3,1
7.18,785,2,58,3,48,mech,0,0
8.93,680,3,58,0,43,eee,1,1
5.94,447,3,99,2,95,cse,1,0
8.53,907,0,99,1,73,ece,8,0
7.73,378,1,74,5,59,cse,7,0
6.4,218,0,64,4,96,cse,8,1
6.42,635,0,87,3,65,cse,1,1
7.68,338,1,89,2,92,civil,7,0
8.28,592,1,95,0,51,ece,3,1
8.84,709,1,85,3,58,eee,1,0
7.72,833,2,80,3,84,cse,7,1
7.41,178,2,84,0,76,mech,0,0
5.65,816,3,57,2,48,mech,7,1
9.92,516,1,77,5,73,mech,8,1
8.45,510,2,84,5,94,ece,4,0
8.46,553,0,96,3,64,mech,2,0
9.67,944,2,63,5,60,civil,5,1
9.23,219,0,56,5,50,ece,1,0
7.75,845,3,75,1,89,ece,1,0
6.28,543,3,59,0,79,eee,1,1
8.87,602,2,93,5,93,cse,2,1
8.64,536,1,95,4,75,ece,3,1
7.47,442,1,67,5,50,mech,8,0
6.37,746,0,95,5,46,ece,0,0
9.52,518,3,91,4,95,cse,5,1
8.78,895,3,67,1,76,mech,8,1
8.28,722,1,59,3,67,mech,1,0
6.07,679,2,61,0,71,ece,0,0
6.99,379,2,71,3,85,eee,1,0
6.21,444,0,89,4,55,civil,8,0
8.28,709,0,92,3,99,eee,0,1
7.4,355,2,58,1,53,civil,5,0
8.49,213,1,86,0,91,civil,0,1
5.82,576,0,90,3,100,ece,4,0
5.97,658,1,96,2,67,mech,4,0
9.44,383,0,58,0,89,ece,8,0
7.21,850,0,90,3,43,mech,6,0
7.43,587,1,62,3,47,civil,5,0
7.04,209,1,69,0,77,cse,3,0
8.89,699,0,55,5,55,cse,1,1
7.47,439,0,75,2,78,ece,4,1
7.29,823,0,97,0,44,eee,8,1
8.67,515,1,83,5,59,eee,8,1
8.44,689,2,75,5,74,civil,1,1
9.55,872,3,72,0,53,ece,8,1
8.84,365,0,78,5,92,ece,0,0
8.64,815,3,62,0,71,cse,4,1
7.23,236,0,72,4,64,mech,0,0
7.23,195,1,68,3,51,mech,8,1
6.87,704,2,56,4,88,eee,4,0
8.16,925,0,76,5,93,civil,6,0
9.02,903,0,61,4,64,eee,8,1
8.08,731,2,65,3,69,ece,2,0
6.76,848,2,60,1,89,civil,4,1
7.28,780,2,78,2,82,eee,0,1
8.06,478,2,66,3,69,cse,7,1
5.67,517,3,95,4,53,mech,0,0
5.86,774,2,59,3,51,eee,4,1
7.73,382,1,64,4,81,cse,3,1
5.67,850,3,92,2,42,civil,3,1
8.72,415,2,56,5,94,eee,8,0
8.2,508,0,59,4,68,cse,8,1
6.42,734,2,98,3,44,mech,4,1
6.97,518,2,81,5,63,mech,4,0
6.22,195,2,64,4,41,cse,3,0
7.8,949,2,68,3,93,civil,0,0
6.18,930,0,59,1,76,civil,8,0
7.93,274,0,93,3,82,civil,8,0
6.71,739,2,70,2,55,eee,3,1
8.87,268,1,83,5,96,mech,5,1
8.02,228,2,96,3,78,ece,7,0
6.53,278,1,81,5,77,ece,4,0
7.04,270,0,81,3,72,ece,7,0
8.98,334,3,55,1,47,mech,4,0
8.7,631,0,63,0,93,mech,0,0
9.95,285,3,82,2,48,mech,8,1
6.82,494,2,92,4,79,cse,0,1
9.64,609,3,95,3,87,mech,4,1
8.65,901,1,92,4,45,ece,0,1
7.16,814,3,79,2,68,ece,8,0
6.76,941,0,69,2,71,eee,0,0
9.54,743,3,73,2,64,eee,2,0
5.69,902,1,82,4,57,civil,5,1
6.78,271,2,72,3,68,ece,2,1
9.63,770,0,69,5,57,ece,1,1
9.27,922,1,56,4,97,cse,8,1
6.38,650,0,78,1,58,civil,6,0
7.84,614,2,62,5,85,cse,7,0
7.72,238,1,72,5,82,cse,5,0
8.85,377,0,75,1,72,eee,4,0
8.81,838,0,100,5,60,cse,6,1
8.67,683,2,67,4,82,cse,0,1
8.14,375,1,71,3,49,mech,2,0
6.77,353,0,88,5,87,ece,0,0
7.71,775,1,100,1,42,mech,4,0
8.34,390,2,85,4,82,ece,4,0
9.44,834,3,86,5,65,civil,5,1
6.83,374,0,73,3,68,eee,3,0
6.02,625,2,97,0,62,mech,2,0
7.68,650,3,98,1,41,eee,4,1
9.5,568,0,90,2,56,eee,6,1
7.49,558,2,58,2,71,ece,5,0
5.71,608,3,69,4,96,ece,8,1
8.31,778,2,63,4,74,cse,0,0
5.91,871,2,77,4,44,cse,8,1
7.91,310,3,100,1,58,ece,5,1
6.47,900,1,55,0,94,cse,8,1
7.29,646,0,65,2,59,cse,3,0
8.6,184,2,62,3,81,mech,2,0
9.44,236,0,59,4,86,mech,0,1
9.24,769,1,61,5,77,mech,3,0
9.37,481,3,87,5,41,eee,4,1
5.95,821,3,79,2,67,cse,3,0
8.02,644,2,99,4,72,ece,6,1
7.74,553,2,89,5,46,mech,3,1
5.61,939,1,83,2,70,civil,1,0
7.0,795,0,61,4,50,ece,7,0
5.88,562,3,88,5,93,civil,3,1
7.72,571,2,76,1,42,eee,6,0
6.71,364,3,89,3,60,ece,5,1
7.67,718,0,61,3,84,cse,6,1
5.56,682,0,65,1,68,cse,0,0
7.73,791,3,63,5,95,civil,6,1
6.84,595,2,98,2,73,eee,5,1
6.25,447,1,94,5,63,civil,4,0
6.45,488,1,65,4,85,mech,0,0
6.31,631,0,55,2,84,ece,3,0
7.92,488,0,58,4,69,civil,2,1
8.36,381,2,95,0,99,ece,4,1
9.6,586,2,78,4,89,mech,4,1
8.39,357,0,92,1,46,ece,4,1
8.04,279,3,76,4,89,civil,4,0
8.82,780,3,68,1,40,ece,3,1
9.12,300,1,65,3,95,cse,5,1
9.86,290,3,82,5,70,eee,4,1
6.03,723,3,79,3,85,mech,5,1
7.85,693,0,93,1,50,eee,2,0
8.02,651,2,98,0,75,mech,5,1
9.4,627,2,82,1,79,civil,3,1
6.31,915,0,67,3,63,civil,3,1
6.9,246,2,71,4,98,cse,4,1
6.74,640,3,57,5,85,eee,4,0
9.87,181,3,93,5,69,mech,2,1
9.44,918,0,57,2,41,civil,2,0
6.3,284,0,81,0,43,mech,0,0
9.36,434,1,96,4,87,cse,5,0
9.32,474,1,92,5,100,eee,8,1
8.49,576,0,59,1,92,civil,2,0
5.88,604,0,72,4,52,civil,6,1
8.86,153,2,72,4,62,cse,5,1
9.26,238,3,60,0,98,cse,2,0
6.34,755,0,65,0,53,eee,7,1
8.76,402,2,98,5,100,ece,2,1
7.21,443,1,72,1,76,eee,6,1
6.35,354,1,73,2,84,mech,4,1
7.1,522,2,96,4,68,ece,0,0
8.13,309,1,99,3,62,eee,3,1
9.86,714,2,60,4,89,ece,4,1
6.67,268,1,85,1,69,civil,5,0
7.2,752,0,75,5,46,eee,0,1
7.64,494,0,66,2,59,ece,7,0
8.88,599,3,92,4,84,mech,6,1
6.6,890,2,93,2,70,mech,4,1
9.68,389,0,81,3,89,eee,6,0
6.24,320,2,93,5,100,civil,3,0
8.06,292,1,97,2,90,cse,1,1
8.95,504,3,80,1,69,cse,2,1
6.27,464,0,66,1,94,ece,6,1
6.6,851,2,55,3,50,eee,1,0
8.59,865,1,85,5,64,mech,3,0
5.93,281,2,63,3,89,eee,4,0
8.79,584,3,89,0,62,mech,0,1
8.24,936,1,78,2,61,civil,0,0
8.88,229,1,63,3,52,cse,3,1
5.92,543,1,82,1,58,eee,6,0
7.66,417,3,66,1,65,civil,1,0
5.87,852,0,96,3,91,cse,2,1
8.09,543,3,55,3,81,mech,6,0
6.86,414,0,93,3,72,eee,7,0
9.3,523,0,66,3,74,mech,1,1
7.02,874,2,67,4,92,civil,7,1
7.59,190,0,86,3,63,cse,5,1
7.02,453,0,89,2,51,eee,5,0
7.51,454,0,93,0,62,cse,8,0
6.62,236,0,63,5,49,mech,6,0
7.05,619,1,88,4,69,cse,1,1
5.67,773,0,79,4,86,cse,5,0
8.87,582,3,56,1,100,eee,1,0
7.45,269,1,91,2,59,civil,8,0
9.07,860,0,78,4,70,ece,6,1
8.6,340,2,87,5,42,civil,6,0
8.55,429,0,81,1,41,mech,2,1
7.58,800,2,61,1,54,cse,5,1
8.25,895,3,92,3,80,civil,5,1
7.64,721,0,76,2,60,eee,7,1
9.34,660,1,89,5,50,mech,4,1
8.47,735,0,95,3,75,eee,1,1
9.93,528,2,73,2,68,mech,0,1
8.13,789,2,91,3,66,cse,4,1
7.71,390,3,89,1,64,civil,1,1
6.48,263,2,66,1,89,mech,8,0
8.88,578,2,75,2,80,cse,5,1
7.9,380,3,86,3,58,mech,2,0
6.3,445,0,89,2,88,mech,2,0
5.94,744,3,81,3,52,cse,3,1
8.29,232,3,56,2,79,ece,2,0
7.62,243,2,56,5,78,mech,8,0
6.37,315,3,78,5,95,ece,2,0
8.71,354,2,63,2,44,cse,3,0
7.57,850,3,70,1,69,civil,1,0
9.27,313,1,84,5,44,cse,0,0
7.33,682,3,79,0,90,mech,4,0
7.92,882,0,83,3,92,cse,4,0
9.23,892,0,78,3,85,civil,7,1
6.06,299,2,92,0,86,ece,5,0
7.03,398,3,68,2,46,eee,1,0
8.69,920,1,71,2,58,mech,5,0
8.65,731,2,93,0,88,ece,2,1
5.62,529,2,100,2,59,ece,4,0
7.48,451,1,99,1,49,civil,4,0
6.66,383,0,68,4,59,ece,0,0
8.75,913,3,85,4,97,ece,5,1
8.14,663,2,88,2,64,mech,2,0
7.67,645,3,55,5,100,cse,5,1
6.43,303,2,93,5,90,cse,3,1
7.57,803,0,88,1,87,ece,5,0
7.29,251,2,87,0,57,civil,8,0
7.92,231,0,83,4,73,ece,3,1
8.83,856,1,69,5,85,mech,2,1
8.24,715,2,60,5,52,cse,2,1
5.77,383,1,92,4,70,mech,1,0
9.02,476,0,67,3,47,mech,1,0
5.95,753,1,93,3,59,civil,0,0
9.38,264,3,96,1,77,civil,7,0
6.63,566,2,86,5,51,eee,8,1
6.78,810,2,71,4,55,eee,4,0
7.76,790,3,62,1,71,cse,5,0
7.79,657,1,66,0,88,mech,4,1
9.38,500,1,67,0,88,ece,3,1
6.87,934,3,61,5,59,civil,3,0
6.2,310,1,80,1,94,ece,2,0
7.82,635,3,72,1,99,eee,7,0
9.25,529,1,74,2,86,eee,5,1
7.41,552,3,55,3,43,mech,5,0
6.13,617,2,56,5,52,ece,4,1
7.18,479,3,79,2,75,civil,3,0
8.28,600,2,61,0,55,ece,5,0
9.74,757,3,57,5,64,mech,3,1
8.23,534,0,61,0,80,eee,4,0
7.47,441,0,85,1,96,cse,5,0
8.8,305,1,92,2,76,ece,8,1
6.6,736,2,90,4,92,eee,0,1
8.96,866,2,78,3,87,ece,2,1
6.52,520,2,67,5,85,eee,4,0
9.7,293,0,96,3,67,mech,7,0
9.24,211,2,56,4,67,cse,8,0
6.97,701,3,73,4,61,cse,1,1
9.88,949,0,89,1,91,civil,1,1
7.61,815,1,59,5,67,eee,7,1
9.46,906,1,96,2,44,ece,5,1
9.02,907,3,56,3,76,eee,0,1
7.25,158,1,75,3,49,eee,3,0
8.96,695,3,96,5,52,civil,5,0
8.72,740,1,67,1,53,eee,2,1
7.9,190,1,89,2,44,eee,5,0
8.46,356,2,65,3,57,ece,3,0
5.62,600,0,79,0,68,ece,6,1
7.47,353,1,79,4,92,cse,1,0
7.78,742,0,65,1,47,mech,5,0
6.93,345,1,60,4,63,mech,4,0
9.75,166,0,79,3,65,cse,5,1
6.89,216,3,96,2,54,cse,6,0
5.57,431,2,57,1,94,ece,2,0
6.08,309,1,99,3,88,cse,0,0
6.44,907,2,78,4,66,ece,6,1
9.71,305,1,78,0,90,ece,0,1
6.88,790,2,71,4,60,cse,0,1
9.5,185,1,81,0,74,mech,8,1
5.95,507,1,60,3,44,cse,7,0
7.37,699,3,63,4,91,cse,4,1
9.55,413,1,75,5,74,eee,1,1
8.87,734,1,63,1,72,ece,2,1
5.87,247,3,73,4,46,ece,3,1
8.79,458,2,100,3,82,civil,8,1
9.94,423,1,75,3,63,ece,0,0
9.1,797,0,67,1,40,ece,0,0
6.57,556,2,55,4,70,mech,5,1
9.41,741,3,83,1,69,civil,4,1
6.03,436,2,76,1,56,eee,7,0
7.55,248,2,88,2,44,eee,6,0
9.84,279,0,69,3,93,cse,1,0
6.83,505,2,83,3,75,cse,8,1
9.19,673,1,64,5,54,cse,3,0
7.09,765,1,91,4,73,cse,8,1
6.54,693,1,78,1,46,ece,3,0
8.88,305,3,67,2,43,mech,4,1
7.85,581,3,84,2,48,eee,0,1
8.69,834,2,68,5,79,civil,1,1
7.35,297,3,65,1,65,ece,6,1
6.37,508,0,69,2,48,mech,1,0
8.14,838,1,68,3,49,eee,5,1
6.03,468,0,95,4,70,ece,7,1
6.06,910,3,64,0,96,eee,4,0
5.68,411,0,95,3,67,civil,2,0
8.61,648,2,69,4,46,cse,5,1
9.32,656,3,81,0,80,cse,4,0
8.8,407,2,81,5,93,eee,5,1
5.96,647,1,92,3,54,civil,6,0
5.97,949,3,90,4,93,civil,6,0
9.42,833,3,57,4,46,civil,1,1
6.03,932,1,78,4,83,civil,6,0
8.73,190,2,96,3,94,mech,8,1
7.29,793,3,97,0,53,civil,2,1
9.76,251,2,81,0,86,mech,4,1
8.57,510,1,72,3,90,cse,5,1
9.96,419,1,68,4,89,civil,5,0
8.89,949,1,86,0,61,eee,8,1
9.26,383,2,74,0,98,cse,6,1
7.74,340,3,67,2,94,mech,5,1
7.47,520,1,65,2,41,cse,3,0
9.59,867,2,90,4,51,mech,1,1
5.91,762,3,71,1,85,eee,8,1
6.1,544,0,73,4,76,cse,5,0
7.49,191,1,90,1,82,eee,0,0
9.25,374,1,69,3,81,ece,2,1
6.6,171,3,83,3,75,civil,3,1
9.32,744,3,95,4,96,mech,4,1
9.92,419,3,78,2,97,ece,5,1
5.85,859,1,75,5,55,civil,2,1
9.63,669,3,89,2,46,civil,3,1
8.73,810,1,84,2,76,cse,7,1
7.74,596,0,65,0,75,mech,8,0
9.53,638,1,59,5,62,cse,4,1
9.76,895,0,100,4,71,mech,2,0
6.47,612,2,89,5,83,eee,5,1
9.09,670,3,64,4,83,civil,5,0
9.87,204,2,92,0,89,cse,1,1
8.79,900,1,70,4,89,ece,2,1
9.68,896,0,76,0,46,mech,6,0
7.22,635,1,76,1,46,eee,5,1
7.44,408,3,60,1,56,mech,3,1
9.94,798,0,76,3,88,cse,8,1
9.46,212,0,98,2,46,ece,0,0
7.88,154,2,79,2,41,civil,5,0
9.8,343,3,66,4,53,eee,1,0
9.61,764,2,91,1,97,mech,2,1
9.16,605,0,94,0,99,civil,1,0
6.9,448,0,77,5,51,civil,8,1
5.95,347,1,94,2,100,mech,8,0
9.03,269,0,76,1,63,ece,3,0
7.71,563,0,77,0,98,mech,1,0
5.91,820,2,88,4,76,civil,8,1
7.96,355,2,75,1,68,ece,4,0
7.42,595,3,60,3,41,mech,1,1
7.68,548,2,86,2,89,cse,8,0
6.35,241,2,92,5,97,civil,8,1
6.91,199,0,58,2,64,ece,5,0
5.74,850,3,87,4,94,ece,8,1
8.65,369,0,84,1,97,ece,5,1
6.42,361,0,57,3,53,cse,4,1
6.58,488,1,79,1,63,mech,0,1
8.19,786,2,82,5,76,eee,3,0
8.44,429,3,99,0,66,mech,6,1
9.55,947,3,71,4,40,mech,0,1
7.52,828,1,59,5,47,cse,2,0
7.7,337,2,65,5,56,mech,4,0
6.78,733,2,61,0,65,ece,1,0
7.74,280,0,85,3,46,cse,3,1
7.25,235,0,70,3,79,eee,7,0
7.49,937,0,97,4,89,ece,3,0
5.7,164,1,76,2,98,ece,5,0
9.56,207,3,79,1,100,eee,8,1
6.33,349,2,97,5,68,cse,7,1
6.61,691,2,90,1,49,civil,5,1
8.58,569,0,94,5,50,eee,5,1
9.56,850,1,55,3,40,civil,0,0
8.96,272,1,95,0,76,civil,1,1
9.21,637,3,73,5,79,mech,7,0
6.57,652,2,77,5,69,mech,2,1
9.46,379,1,73,5,86,ece,6,0
9.47,526,0,82,2,49,cse,7,1
9.46,382,3,63,5,62,ece,6,1
7.38,901,3,83,3,69,eee,5,1
7.29,890,1,70,1,85,ece,3,0
8.78,783,2,84,4,95,mech,5,1
6.46,294,3,61,4,81,mech,4,0
9.8,788,3,58,1,53,eee,8,0
8.47,679,3,66,3,41,ece,6,1
6.28,913,1,96,3,76,ece,2,1
7.61,906,1,86,2,79,civil,8,0
9.44,842,0,59,0,41,cse,0,1
5.9,515,1,64,1,59,cse,5,0
6.92,607,3,76,5,51,eee,4,1
8.03,305,1,81,0,74,civil,6,1
7.99,630,2,99,1,47,ece,7,1
5.68,540,3,79,3,50,cse,5,0
8.13,336,3,56,3,100,civil,5,0
9.95,528,0,66,1,79,eee,6,0
6.0,834,1,95,2,58,cse,5,0
9.1,166,3,65,2,94,eee,3,0
9.92,174,3,75,1,43,ece,4,1
9.98,495,0,72,5,88,mech,1,1
5.64,789,0,91,0,59,mech,3,0
7.21,186,2,99,3,61,eee,8,0
9.03,566,2,63,2,86,eee,8,1
6.77,235,3,97,0,91,eee,8,0
5.6,281,0,70,0,51,eee,1,0
9.11,947,0,59,0,86,cse,5,0
8.28,309,3,95,2,90,cse,1,1
6.12,913,0,66,0,85,cse,0,0
8.59,365,0,100,0,64,eee,8,1
9.18,875,3,93,5,51,mech,4,1
8.16,212,3,66,4,40,cse,2,0
6.68,705,1,99,0,84,cse,3,1
6.95,383,1,80,5,93,civil,4,0
7.78,442,1,82,2,92,eee,3,0
8.45,849,2,73,1,44,cse,1,1
9.56,211,3,60,5,88,mech,0,0
8.54,476,2,99,5,78,cse,4,1
6.94,516,3,78,3,59,mech,5,1
8.85,383,1,57,5,62,mech,7,0
6.96,562,3,84,3,49,ece,6,1
5.61,292,2,79,5,49,mech,5,1
9.06,827,1,64,4,100,ece,3,1
7.26,303,2,76,1,41,mech,6,1
9.23,712,2,69,1,71,civil,7,1
9.76,313,3,97,0,62,cse,1,0
8.68,772,2,64,1,73,mech,3,1
5.56,465,1,76,5,59,civil,6,0
8.2,692,2,76,5,63,ece,5,1
7.63,168,3,78,3,55,ece,5,0
9.6,470,3,72,4,61,civil,5,0
9.56,479,1,100,4,79,ece,3,1
7.61,169,2,87,0,64,ece,5,1
7.71,767,2,59,3,64,ece,4,0
7.14,946,0,85,1,54,cse,5,1
8.29,725,1,72,2,71,eee,8,1
9.15,342,0,73,5,43,ece,8,0
6.77,535,3,99,0,59,eee,3,1
5.61,817,3,60,2,69,ece,7,0
8.0,758,3,75,0,99,eee,7,1
8.68,614,2,65,4,48,eee,0,1
9.4,715,3,78,1,60,mech,8,1
7.45,481,3,66,2,79,cse,4,1
8.9,190,0,100,5,48,mech,1,0
6.13,254,1,100,1,45,eee,5,0
7.36,918,0,86,3,74,cse,8,1
9.05,861,1,90,0,92,ece,7,1
8.93,417,1,70,0,81,civil,0,1
9.29,380,3,57,0,54,ece,2,0
6.12,477,2,79,5,82,mech,0,0
6.8,174,3,90,0,42,ece,0,1
8.12,157,2,99,0,77,eee,8,0
6.24,367,1,89,0,98,civil,4,0
7.18,547,1,67,4,56,eee,3,1
6.67,272,2,83,0,68,civil,8,0
6.42,265,0,79,0,87,ece,3,0
8.81,455,1,92,2,63,mech,0,0
6.53,408,1,87,0,59,cse,3,0
9.37,361,3,79,5,60,mech,6,1
6.24,653,3,90,4,58,ece,1,0
9.48,181,0,55,2,99,cse,4,0
8.78,313,0,58,2,53,ece,6,0
7.18,436,3,96,0,59,cse,1,1
6.68,359,0,95,5,100,cse,7,1
6.01,892,1,84,4,84,civil,4,1
8.66,641,0,99,1,53,cse,6,0
5.63,659,3,84,3,51,cse,0,0
9.82,437,2,85,1,91,eee,0,0
9.83,342,1,99,3,91,cse,0,0
9.26,595,3,69,5,94,cse,4,1
8.19,617,3,89,1,63,eee,8,1
6.94,804,2,81,1,77,mech,5,1
7.06,449,1,98,3,83,civil,6,1
7.44,766,2,63,2,99,eee,7,1
7.93,846,1,57,2,72,ece,5,0
9.24,313,1,68,5,65,cse,6,0
9.96,707,0,88,0,76,cse,4,0
8.49,318,1,98,5,90,eee,7,1
8.79,532,3,88,5,92,mech,3,1
8.87,854,0,69,5,81,mech,2,0
9.53,342,0,87,0,71,ece,1,0
6.88,923,3,74,1,74,cse,3,1
5.64,273,1,66,5,44,cse,4,0
6.04,516,3,55,5,78,eee,5,1
6.44,588,3,95,4,77,cse,7,0
7.75,509,0,71,5,70,mech,8,0
7.4,751,2,98,3,41,mech,0,0
8.92,238,3,71,4,45,cse,3,0
8.72,246,3,79,5,61,ece,7,1
6.89,945,3,68,4,66,cse,0,0
8.17,841,0,87,3,44,civil,2,1
8.64,547,0,71,4,47,civil,7,1
7.53,316,0,73,4,61,mech,1,0
9.86,228,1,85,3,55,cse,6,0
9.13,330,3,57,2,51,ece,5,0
8.13,655,1,100,3,91,cse,1,1
6.09,769,0,83,3,63,mech,0,0
9.54,527,0,81,3,42,eee,6,1
7.4,216,0,71,5,62,mech,6,0
6.59,290,0,56,1,45,civil,2,0
7.51,709,2,90,2,70,cse,2,1
6.02,190,1,67,1,59,ece,6,1
5.77,162,0,88,5,57,civil,8,1
9.46,290,2,70,3,91,ece,3,0
7.65,369,0,66,3,75,civil,1,1
6.07,672,1,59,3,72,cse,2,1
8.89,790,2,69,2,66,cse,6,1
6.94,554,0,67,5,86,eee,6,0
9.26,380,1,85,4,100,civil,6,0
8.9,311,1,93,4,58,mech,1,1
5.64,217,0,100,1,89,cse,5,0
6.76,815,2,74,4,78,eee,4,0
7.61,649,3,99,4,84,civil,2,1
5.91,651,2,89,4,79,cse,4,0
9.7,445,1,75,2,98,ece,3,1
6.88,493,3,72,2,78,mech,3,0
9.51,292,2,67,5,83,eee,8,0
6.42,623,1,62,5,86,eee,3,1
9.05,495,1,96,3,63,ece,6,1
6.72,731,3,89,2,49,eee,1,1
9.85,713,3,55,0,52,eee,7,1
9.96,747,2,87,4,66,ece,4,1
7.42,651,0,85,3,64,eee,1,1
6.05,928,0,57,0,57,cse,8,0
6.07,248,3,68,0,97,civil,0,1
7.02,789,2,73,3,55,ece,3,0
8.07,423,2,70,1,41,civil,5,0
6.27,542,1,89,4,41,ece,1,0
8.26,426,3,62,0,55,mech,3,1
8.24,327,1,72,0,40,ece,4,0
9.37,545,3,68,1,46,cse,6,0
7.49,906,3,94,3,41,civil,4,1
8.53,597,2,75,0,71,civil,6,0
8.23,531,1,100,0,78,mech,2,0
6.43,471,2,80,2,55,eee,3,0
9.45,174,1,96,5,44,mech,0,1
7.05,540,0,86,3,86,mech,6,1
6.65,384,2,78,2,70,ece,2,1
8.13,679,1,57,3,63,cse,3,1
9.62,244,0,71,0,73,eee,7,1
6.14,596,2,66,1,66,eee,2,0
6.54,244,0,91,5,90,ece,4,0
9.74,321,1,56,1,78,cse,1,0
6.71,333,0,84,4,88,eee,2,1
9.69,401,0,75,1,89,eee,8,0
7.75,208,3,63,1,43,mech,2,0
6.59,773,2,91,2,69,ece,7,1
5.99,404,1,95,4,88,cse,1,0
6.11,444,3,88,3,83,mech,8,0
7.32,687,3,96,4,62,civil,6,0
7.86,567,1,87,3,48,cse,3,1
9.98,455,0,93,3,64,mech,4,1
6.92,353,0,68,3,89,ece,7,0
9.06,917,1,96,2,65,ece,2,1
6.52,599,2,86,3,69,mech,5,0
7.58,575,0,70,1,97,cse,4,1
7.08,545,3,59,4,58,eee,8,0
5.68,640,0,77,2,52,eee,8,1
9.96,299,2,58,0,72,ece,8,1
7.52,492,3,77,4,60,eee,5,1
7.83,276,3,86,3,88,civil,0,0
7.97,916,0,64,3,61,mech,4,1
8.93,351,0,94,3,57,mech,3,1
6.86,286,1,81,4,52,mech,2,0
8.06,365,0,59,1,94,cse,4,0
9.04,374,3,65,5,71,cse,1,0
9.15,500,2,85,2,76,civil,8,0
9.16,488,2,88,1,82,civil,8,0
9.13,946,1,69,0,67,mech,4,1
7.79,660,3,58,4,59,eee,1,0
8.0,374,1,84,1,99,cse,8,1
7.36,559,3,91,2,59,cse,3,1
7.67,828,0,75,0,67,mech,6,1
7.63,181,2,78,0,59,ece,7,0
7.71,555,1,80,3,94,ece,4,1
9.12,494,1,93,2,77,mech,1,1
5.87,905,0,64,4,67,mech,1,0
9.07,864,1,58,0,70,ece,0,1
9.93,525,2,97,4,45,cse,2,0
6.99,189,0,57,4,40,ece,2,0
9.21,652,0,72,4,58,civil,8,1
8.26,291,0,84,4,94,eee,2,0
8.65,248,3,93,1,84,eee,0,1
7.02,316,3,83,2,100,civil,4,1
8.68,560,3,70,2,82,eee,3,1
6.17,308,0,60,0,77,cse,2,1
7.52,302,0,73,2,84,eee,3,0
7.46,275,2,100,1,97,mech,0,1
7.26,503,0,58,0,93,eee,6,1
7.74,824,3,100,2,68,ece,5,1
8.68,824,2,91,5,51,cse,2,0
7.37,648,2,64,0,96,ece,3,0
7.73,434,1,66,3,42,cse,5,0
9.1,531,2,55,0,70,civil,3,1
7.0,824,2,88,3,96,civil,3,1
9.77,190,3,92,4,58,civil,7,1
7.0,567,0,85,3,99,mech,3,0
9.26,378,3,71,2,97,cse,3,1
8.11,554,2,55,4,54,cse,3,0
7.52,556,0,82,0,44,eee,8,0
7.96,576,0,87,5,90,eee,0,1
8.11,696,2,62,1,99,mech,8,0
6.3,821,1,55,5,67,cse,5,0
9.76,171,0,63,5,86,eee,2,0
8.52,575,1,82,1,86,ece,5,1
9.69,466,0,59,1,95,cse,0,0
5.8,938,2,66,0,88,mech,5,1
8.95,948,3,87,0,70,civil,4,1
7.1,244,2,66,3,91,ece,8,0
8.76,785,0,59,1,49,eee,2,1
8.6,348,3,95,2,41,eee,6,0
7.45,674,3,68,1,52,civil,7,0
8.86,218,1,97,3,75,mech,6,1
7.16,192,0,83,1,40,civil,5,1
8.49,531,2,81,5,93,cse,5,0
5.88,248,0,92,1,70,mech,8,0
8.77,498,0,94,0,90,eee,3,1
9.2,450,0,61,0,100,eee,2,0
9.17,306,2,76,3,44,civil,5,1
6.89,457,3,56,0,58,eee,2,0
9.41,687,0,78,0,46,eee,5,1
6.06,740,1,92,0,54,cse,4,1
8.92,922,0,100,4,99,civil,8,1
7.99,454,0,80,0,59,mech,1,0
6.71,203,1,59,0,100,civil,0,0
7.65,630,2,80,4,46,eee,2,1
8.03,403,0,76,1,51,civil,1,0
5.58,373,1,65,5,92,civil,3,0
5.52,685,2,91,5,89,ece,7,0
5.77,366,3,67,4,58,eee,2,0
8.16,742,2,72,1,79,cse,6,1
8.22,151,0,80,4,52,eee,2,0
9.17,744,0,97,1,48,cse,3,0
8.85,898,0,98,3,48,ece,4,0
8.09,817,1,100,0,93,cse,6,1
6.43,297,1,96,0,95,eee,5,0
7.2,681,2,83,5,52,ece,3,1
6.35,831,1,86,3,100,eee,6,1
5.51,624,1,58,0,87,mech,8,0
7.36,444,1,73,2,51,mech,0,0
8.93,216,3,77,2,81,ece,7,1
9.39,638,3,72,1,70,ece,7,0
5.58,390,3,79,1,100,civil,8,0
6.15,424,2,88,2,84,cse,4,0
7.82,467,3,56,0,76,cse,3,0
6.63,400,1,95,3,73,cse,2,0
6.97,856,3,91,2,40,mech,3,1
8.8,888,3,71,5,91,eee,3,1
8.51,766,2,61,3,70,civil,3,0
6.96,494,2,85,1,74,eee,7,1
9.81,166,0,61,4,97,ece,3,0
5.7,628,3,89,5,44,cse,8,1
6.11,905,1,68,2,46,cse,4,1
8.14,273,2,96,4,96,mech,3,1
9.66,776,0,60,2,90,civil,8,0
9.72,396,0,85,5,57,civil,2,0
8.63,156,3,68,3,96,eee,1,1
8.12,739,2,55,3,84,eee,5,0
8.0,318,0,61,5,76,cse,4,1
9.2,389,0,66,1,92,ece,3,1
7.57,827,3,69,4,48,cse,1,0
8.76,525,2,98,3,49,cse,2,1
5.53,533,0,89,1,83,mech,1,1
6.21,224,1,81,0,67,ece,2,0
7.84,718,2,83,1,93,civil,8,0
6.47,609,3,66,4,93,mech,4,1
8.23,901,0,67,3,58,mech,8,1
5.91,745,0,99,1,97,cse,3,0
7.9,265,3,80,5,77,ece,0,1
7.93,387,1,70,0,72,civil,8,0
6.59,715,0,76,4,74,cse,4,1
7.97,332,0,82,3,94,ece,2,0
6.49,801,0,88,1,79,mech,1,0
8.35,232,2,84,1,83,eee,5,1
8.94,948,0,97,5,41,cse,1,1
8.91,802,0,60,5,52,mech,1,1
9.52,813,2,58,5,87,civil,0,1
9.95,470,3,98,0,90,civil,4,0
6.67,237,1,93,5,76,civil,7,1
7.85,936,0,64,1,92,eee,8,0
5.69,538,3,57,4,67,mech,0,1
5.72,827,2,70,3,62,eee,1,1
7.82,692,1,80,3,76,cse,3,1
9.09,673,1,75,2,82,cse,5,1
6.27,740,3,57,4,85,cse,7,1
6.44,570,3,94,2,90,cse,8,1
5.79,424,0,62,3,56,civil,1,0
9.62,906,0,71,5,86,eee,2,1
7.63,404,1,79,5,88,ece,8,0
7.3,398,1,98,0,49,mech,4,0
7.85,810,2,81,2,50,cse,3,0
8.9,283,2,88,3,53,cse,4,0
6.63,623,0,79,2,100,mech,2,1
8.88,925,2,57,1,65,ece,5,1
8.57,450,1,56,5,45,mech,6,1
9.06,447,0,69,5,46,eee,3,0
7.75,332,2,76,5,48,mech,0,0
7.03,446,0,73,1,53,ece,3,0
9.21,348,2,92,2,96,cse,6,0
9.13,254,0,61,5,78,mech,8,0
9.45,276,0,93,1,55,civil,1,0
6.39,371,1,80,5,60,ece,0,0
9.35,890,0,60,4,88,civil,7,0
6.97,548,0,84,4,94,mech,8,0
7.86,158,0,66,1,92,cse,0,0
7.01,574,0,90,1,93,civil,8,0
6.6,536,2,85,5,84,mech,4,0
9.2,760,0,81,0,96,civil,3,1
8.24,504,1,58,0,59,civil,1,0
9.42,804,2,61,4,58,ece,3,1
7.65,177,1,81,1,50,ece,3,0
7.78,225,1,83,2,61,eee,6,1
6.65,187,2,63,4,74,mech,0,0
8.34,946,2,70,3,99,mech,6,1
9.06,197,0,62,5,48,mech,0,0
9.75,206,1,78,3,65,civil,1,0
8.93,545,1,98,3,44,eee,3,1
6.29,373,2,76,2,43,mech,8,0
7.46,261,3,95,3,67,civil,2,0
9.93,420,2,57,0,55,eee,8,1
7.88,608,1,76,2,55,mech,8,0
7.88,567,0,68,1,81,eee,1,1
8.5,612,0,93,0,72,eee,1,0
6.79,336,0,100,3,56,civil,2,0
8.19,736,3,94,4,91,mech,4,0
8.39,927,3,60,4,58,ece,8,0
8.11,802,1,64,2,76,cse,4,1
7.75,467,1,66,1,46,ece,3,1
6.14,590,3,91,4,100,cse,6,0
5.6,721,3,64,3,80,cse,7,0
9.88,181,3,66,5,53,eee,8,0
8.76,682,1,75,5,82,civil,5,0
9.54,682,1,97,4,88,cse,4,0
9.54,567,0,64,5,76,civil,6,1
7.97,300,3,92,2,74,ece,6,0
5.92,713,3,91,3,62,mech,1,0
6.47,725,3,82,0,83,ece,3,0
6.91,494,0,71,1,89,eee,6,0
6.58,941,2,87,2,80,cse,0,0
6.24,920,1,55,0,82,civil,6,0
9.58,548,0,58,0,93,mech,8,1
5.87,347,2,56,0,100,cse,6,0
8.25,435,0,73,5,78,cse,5,1
7.34,331,1,92,3,81,mech,2,1
7.16,802,2,72,0,97,mech,7,1
6.77,316,0,100,3,96,ece,6,0
7.35,283,1,77,0,75,cse,7,0
9.22,543,0,65,4,84,civil,1,0
6.69,556,2,59,1,52,ece,7,1
9.72,471,2,100,1,52,eee,6,1
7.95,231,3,55,1,94,ece,1,1
6.24,538,0,69,3,55,civil,5,1
7.73,737,2,79,0,52,ece,7,1
8.51,453,2,71,4,43,ece,5,1
9.39,451,0,61,3,57,eee,0,1
6.42,406,0,80,3,74,cse,2,0
8.83,661,1,66,0,40,ece,1,0
9.52,753,1,61,5,52,eee,8,0
7.39,736,2,86,5,83,civil,7,1
7.42,387,1,62,4,51,civil,5,0
7.02,736,3,56,3,90,civil,8,0
7.43,847,0,84,3,84,cse,6,0
7.73,564,1,55,2,88,cse,6,0
5.88,325,1,69,5,62,eee,2,1
7.27,825,2,55,2,74,mech,1,0
7.32,303,0,88,5,89,ece,1,0
6.12,731,3,84,4,42,civil,8,0
6.71,590,2,89,0,100,ece,2,0
5.67,488,0,93,5,86,ece,8,0
8.74,883,2,87,2,81,ece,4,0
7.02,903,0,96,0,58,eee,7,0
7.78,919,0,99,5,68,cse,5,0
6.56,707,3,83,3,70,ece,8,0
8.46,176,3,72,3,89,cse,1,0
8.49,622,3,94,4,71,mech,8,1
8.31,596,3,100,1,93,ece,5,1
6.38,917,0,96,4,60,civil,0,0
6.34,790,1,78,0,84,eee,0,0
9.41,923,3,79,5,79,eee,7,1
5.64,277,1,72,4,51,eee,5,0
6.32,686,3,84,4,65,ece,2,1
9.17,451,1,95,1,80,ece,8,0
9.31,550,1,67,4,97,civil,1,1
6.24,231,2,66,4,88,eee,7,1
9.75,548,1,91,1,65,civil,3,0
6.5,692,2,61,1,95,civil,1,0
7.26,524,0,96,3,73,eee,6,0
8.01,166,2,86,5,58,eee,3,1
6.88,788,0,98,4,92,civil,1,0
6.01,642,3,65,0,52,civil,5,0
6.71,188,0,78,1,65,eee,1,0
7.54,484,2,67,0,53,ece,5,0
6.47,579,3,88,0,55,mech,7,0
5.71,785,2,64,5,95,cse,4,0
9.07,186,2,66,3,64,civil,8,0
6.05,755,3,90,0,78,ece,7,1
7.12,390,2,80,1,96,ece,5,0
9.61,944,3,81,0,60,civil,8,1
8.89,701,3,72,2,95,ece,2,1
7.02,495,2,89,5,61,civil,6,0
9.08,474,2,66,4,48,eee,1,0
9.16,588,2,56,1,99,cse,0,1
9.11,531,1,92,5,96,ece,1,0
6.09,268,2,75,0,53,cse,5,0
5.65,358,3,90,5,51,cse,4,1
9.33,687,3,79,4,79,mech,2,1
9.33,377,3,83,5,90,mech,4,1
6.17,156,1,78,4,87,ece,5,0
9.77,221,1,66,5,74,cse,2,1
5.78,354,1,96,0,80,eee,1,1
8.82,242,1,81,2,71,ece,3,0
7.58,174,1,85,3,73,cse,7,1
6.31,508,3,84,2,56,eee,8,0
7.68,538,1,91,0,60,ece,1,0
8.99,835,3,79,5,75,ece,1,1
7.97,336,3,62,5,70,ece,1,1
6.47,603,1,91,5,77,ece,0,1
6.28,740,1,81,1,46,mech,5,0
8.13,805,2,70,4,75,ece,3,0
6.96,522,1,91,4,53,eee,8,0
6.7,275,3,96,3,87,mech,3,1
7.27,403,0,91,2,56,eee,7,0
8.76,334,3,93,4,68,cse,2,1
7.48,315,0,76,1,82,civil,7,0
9.6,886,0,68,3,85,eee,2,1
8.01,681,1,63,1,41,cse,2,0
7.29,893,0,90,1,51,cse,0,1
7.99,771,3,88,4,72,civil,7,1
6.45,907,2,97,4,62,ece,3,0
7.27,212,0,67,0,57,eee,3,0
8.4,736,2,62,3,44,eee,2,0
9.42,734,0,56,1,81,civil,2,0
8.78,750,2,97,0,45,eee,3,1
8.44,902,1,58,4,92,ece,0,0
9.96,234,1,98,4,71,cse,1,1
5.72,304,1,62,1,50,cse,7,0
8.89,292,0,62,4,89,cse,1,1
7.31,282,1,57,0,79,cse,7,1
7.04,910,3,70,1,99,civil,3,1
8.07,591,3,76,1,74,cse,2,1
9.45,458,0,64,2,51,cse,1,1
9.05,849,3,95,4,48,eee,0,1
6.97,287,1,93,2,64,ece,0,0
8.16,867,2,77,5,64,cse,0,0
6.47,832,2,63,5,77,mech,0,0
6.53,614,0,64,2,52,mech,5,0
7.93,546,2,63,1,94,cse,4,0
9.5,947,1,56,1,70,cse,6,1
8.26,640,1,90,3,57,cse,2,1
5.78,886,0,82,3,95,civil,0,0
6.08,438,0,76,2,56,ece,0,0
8.7,442,0,70,0,47,cse,5,0
7.32,658,3,78,3,97,eee,1,1
8.16,947,2,78,2,67,ece,3,1
9.29,290,2,84,3,40,cse,0,1
8.96,676,0,57,1,41,mech,8,1
7.52,432,0,86,1,67,civil,0,0
7.83,894,2,83,0,49,civil,0,0
5.99,500,0,84,0,52,civil,0,0
5.96,205,3,100,1,61,cse,0,0
6.79,693,2,86,2,52,mech,2,1
6.38,167,3,66,2,74,civil,5,0
8.67,760,2,86,0,53,cse,8,1
6.4,837,1,93,3,50,mech,4,0
9.5,597,1,60,2,77,cse,8,1
6.12,636,0,57,0,57,mech,6,0
6.9,488,0,59,0,43,mech,7,0
6.06,408,0,56,5,81,eee,3,0
9.74,219,2,91,0,60,ece,1,1
6.27,411,0,92,2,81,civil,7,0
7.28,770,3,95,1,81,cse,3,1
7.48,273,3,79,4,75,eee,1,1
7.22,251,1,68,3,58,cse,7,0
6.7,388,1,75,3,51,ece,8,0
8.18,746,0,94,3,91,cse,1,0
9.6,319,3,97,1,41,ece,7,1
7.57,703,1,61,0,66,cse,2,0
8.47,795,2,61,4,100,cse,3,1
8.66,779,3,64,0,45,mech,0,0
7.92,790,2,97,4,41,cse,8,0
9.52,461,1,65,0,68,eee,8,0
9.67,734,3,87,2,68,cse,8,1
9.15,415,0,81,3,60,mech,1,0
6.31,343,3,91,0,59,civil,6,1
8.42,236,1,87,3,83,civil,4,0
8.2,583,1,84,5,88,mech,7,0
5.73,194,2,69,5,47,eee,1,0
7.41,513,3,57,3,97,civil,3,1
6.78,857,1,76,5,64,eee,1,0
7.57,824,3,66,2,80,cse,6,0
6.77,774,3,79,4,55,eee,6,1
7.54,469,1,59,3,40,ece,8,1
7.24,313,2,92,1,92,mech,4,0
6.06,664,1,72,4,65,civil,8,1
5.68,596,1,71,3,70,ece,8,0
8.09,585,0,94,0,45,eee,1,1
9.23,750,1,77,5,88,civil,2,0
9.43,881,3,61,1,53,mech,6,0
7.04,404,0,71,2,75,civil,1,0
9.01,867,0,65,2,98,eee,4,1
6.68,781,0,82,2,81,cse,3,0
6.73,730,3,80,0,70,mech,1,0
6.07,414,0,89,4,98,cse,6,0
7.98,249,2,60,3,57,mech,8,0
5.97,381,2,94,1,98,mech,6,0
7.96,781,1,99,4,65,civil,8,1
9.69,540,2,99,0,60,eee,4,0
9.12,200,0,62,4,48,civil,2,1
8.59,639,2,70,5,99,mech,0,1
5.82,230,3,98,5,43,ece,8,0
8.0,554,1,81,2,55,mech,2,1
8.11,485,2,93,0,64,mech,0,1
8.17,816,2,63,2,73,civil,4,1
6.82,535,3,98,2,90,civil,6,1
7.35,484,3,71,1,40,eee,5,1
7.14,924,3,76,4,97,cse,7,1
6.89,476,1,67,4,91,civil,0,0
6.59,528,2,80,3,90,ece,2,0
7.01,446,0,61,3,80,eee,5,1
5.74,861,3,65,1,47,ece,2,1
9.83,612,3,85,5,82,mech,4,1
8.94,777,0,79,0,46,cse,2,1
9.93,244,2,87,2,74,civil,6,0
5.53,699,0,61,3,77,civil,6,0
7.73,722,1,67,0,51,civil,5,0
9.04,163,2,83,1,85,mech,4,0
8.37,585,0,64,5,47,ece,0,1
6.63,903,3,76,1,67,eee,6,0
7.9,622,2,95,1,63,eee,8,1
6.08,837,1,87,2,96,eee,5,0
9.91,424,0,57,5,100,mech,4,1
7.15,817,3,76,5,49,ece,1,1
9.75,307,3,73,4,79,mech,1,1
9.56,557,1,70,5,58,ece,7,1
6.36,718,3,98,1,92,cse,7,1
5.56,705,0,59,4,90,mech,3,0
6.65,881,1,57,3,78,ece,5,0
7.76,298,2,94,1,61,ece,4,1
9.36,866,0,87,0,85,mech,7,1
6.79,218,3,77,1,57,eee,4,0
9.8,417,2,82,0,92,civil,3,0
9.46,854,0,85,4,79,ece,7,1
7.99,165,2,70,5,78,cse,2,0
9.82,674,2,89,5,64,civil,6,0
7.87,945,1,99,4,43,eee,5,1
8.66,640,0,72,3,83,ece,4,1
5.66,241,3,100,2,51,eee,2,0
9.24,814,1,92,3,50,civil,3,1
9.07,304,0,96,5,75,mech,0,1
9.18,730,1,66,4,95,civil,0,0
8.01,367,1,64,0,42,cse,0,1
6.29,152,0,59,5,73,mech,7,0
6.02,180,3,100,3,47,cse,8,1
6.83,531,3,60,2,43,ece,8,1
6.94,399,0,92,4,88,cse,7,1
9.02,934,1,67,2,59,mech,5,0
9.06,185,0,67,5,89,cse,7,0
7.32,336,0,78,2,100,eee,6,0
5.84,170,0,82,3,97,mech,6,0
5.83,812,3,78,2,95,cse,1,0
9.51,380,2,55,3,74,eee,1,1
9.18,755,2,94,3,42,civil,0,1
8.03,349,3,81,4,52,eee,8,1
7.9,731,3,65,3,78,mech,0,1
7.93,721,0,85,4,83,mech,1,1
7.17,755,3,66,2,69,cse,7,0
5.61,758,1,63,0,100,cse,2,0
8.66,517,3,95,4,76,civil,2,1
6.86,230,0,91,2,99,ece,1,0
7.13,672,2,62,3,71,mech,4,0
8.52,291,3,73,3,78,ece,1,1
8.53,810,1,72,0,78,civil,6,0
7.46,331,1,64,4,100,mech,5,0
5.84,204,2,78,2,98,ece,1,0
7.06,450,2,86,0,60,mech,8,1
9.3,294,1,78,3,93,cse,0,0
5.72,797,3,69,5,97,eee,6,1
5.74,325,1,63,2,94,mech,2,0
9.64,775,2,72,0,43,cse,7,1
9.75,679,1,65,5,56,mech,3,1
9.97,224,3,89,2,40,mech,1,1
7.08,725,0,60,0,76,eee,0,0
9.3,261,0,75,1,67,cse,0,0
6.52,601,0,91,1,52,cse,0,0
9.14,757,2,98,0,40,mech,4,0
9.23,819,0,87,4,90,eee,8,1
8.65,382,1,91,4,69,mech,8,1
9.39,572,2,63,4,56,eee,7,0
7.36,900,0,94,5,72,ece,7,1
6.9,701,0,68,5,89,cse,0,1
5.7,510,3,69,5,51,cse,7,0
6.46,895,2,83,2,73,ece,5,0
6.18,692,0,80,2,74,mech,0,0
7.52,752,1,100,2,97,eee,8,1
7.96,331,2,69,3,98,eee,6,0
7.93,488,2,58,3,92,mech,4,0
7.27,609,2,77,0,63,mech,2,1
6.32,159,0,89,2,97,eee,1,1
8.33,466,0,97,4,46,ece,1,0
9.99,623,3,61,4,83,cse,2,1
6.83,605,3,58,5,84,ece,2,0
7.33,785,2,69,2,92,eee,1,0
9.99,234,1,66,3,97,eee,5,0
5.77,311,3,99,0,45,eee,1,0
9.38,337,2,96,5,83,civil,4,1
9.51,497,0,83,2,42,mech,1,0
8.67,282,3,93,4,43,eee,5,1
9.61,832,0,58,0,65,eee,3,0
8.98,162,1,99,4,47,cse,4,1
9.72,369,3,57,4,79,eee,1,1
6.85,778,0,69,5,61,civil,2,0
7.12,928,1,78,5,76,eee,2,1
7.25,184,0,81,3,76,civil,0,0
7.29,588,0,59,4,64,mech,7,1
9.0,397,3,87,2,84,ece,3,1
8.07,445,2,92,5,63,ece,0,1
7.71,536,1,76,2,40,ece,2,0
9.23,224,3,68,3,60,eee,2,0
6.33,258,3,89,2,51,civil,0,0
8.48,736,1,69,1,59,eee,1,1
8.82,182,0,96,3,93,cse,5,1
8.37,703,3,87,2,55,cse,2,0
6.02,543,3,83,1,90,ece,0,1
8.55,617,2,91,4,90,civil,7,1
8.05,340,0,65,4,87,civil,6,0
7.28,386,1,81,5,91,ece,0,0
6.14,528,2,88,1,44,eee,7,0
9.5,861,1,55,3,47,cse,5,0
6.52,919,0,66,1,67,ece,1,0
8.24,826,1,59,2,98,civil,1,0
9.59,890,0,98,2,76,cse,6,1
6.0,597,1,89,2,61,civil,8,1
8.15,470,3,99,3,50,cse,6,1
5.7,201,2,70,3,74,civil,3,1
9.91,773,1,87,4,70,ece,8,1
9.83,468,0,97,0,72,ece,2,0
7.65,151,0,66,4,53,civil,4,0
8.31,384,1,97,1,43,eee,1,1
7.69,435,1,63,5,95,civil,1,1
9.88,518,1,99,0,83,ece,0,1
8.35,201,2,100,5,49,ece,2,1
7.48,517,1,99,0,55,eee,3,1
9.0,283,0,81,2,96,cse,6,1
6.39,848,0,77,5,90,civil,3,0
7.48,620,2,80,4,46,civil,8,1
8.96,850,0,96,1,78,cse,6,1
9.16,910,0,85,2,64,civil,0,0
6.22,917,1,62,0,56,ece,8,0
5.8,546,3,65,1,76,cse,3,0
7.39,164,0,78,3,75,eee,6,0
9.58,621,0,79,1,84,mech,2,1
7.8,553,2,78,0,59,civil,4,0
9.02,457,0,83,3,65,ece,4,0
6.35,380,3,77,0,59,civil,6,1
6.35,322,3,63,3,96,cse,1,1
6.16,371,3,97,1,98,eee,8,0
6.7,304,0,98,4,94,civil,0,0
7.72,758,0,94,3,49,ece,4,0
8.7,823,3,71,1,52,civil,5,0
9.49,887,2,84,1,96,eee,0,1
6.56,401,2,67,0,91,ece,1,1
9.26,834,3,80,0,63,eee,5,0
9.0,549,2,86,2,90,mech,6,1
9.53,424,2,67,2,55,mech,5,0
9.96,427,3,79,5,78,civil,6,0
5.79,363,2,63,0,51,eee,4,0
7.91,158,2,94,2,72,cse,5,1
7.3,296,2,78,4,64,mech,4,0
6.32,395,0,84,2,48,ece,5,0
8.15,271,2,66,3,47,eee,0,0
9.79,816,1,70,1,100,mech,1,1
6.93,466,1,100,0,68,civil,6,1
8.97,381,0,98,0,41,civil,1,0
7.89,514,1,64,0,45,eee,8,0
9.62,720,2,75,1,53,eee,4,1
6.29,667,3,71,2,94,mech,0,1
6.37,317,0,99,4,66,eee,2,1
7.5,613,1,91,3,65,eee,6,1
7.61,264,2,58,5,92,cse,5,0
9.16,699,0,56,2,60,civil,0,1
9.64,645,1,63,0,59,ece,5,1
9.31,349,0,82,0,78,eee,3,0
8.62,276,1,80,4,91,cse,7,0
9.59,353,0,67,3,79,eee,5,0
7.83,550,1,56,4,81,ece,7,0
7.05,886,2,94,2,92,ece,3,1
6.18,859,3,69,5,79,ece,8,0
6.28,444,2,85,5,84,ece,5,1
6.52,587,0,87,2,42,mech,6,1
5.72,620,0,87,1,64,civil,7,0
6.04,667,1,67,3,42,cse,0,0
6.2,252,2,96,4,54,civil,8,0
6.32,241,3,97,5,67,eee,8,0
9.01,639,1,75,3,88,eee,2,1
9.91,371,1,64,1,98,civil,0,0
8.89,449,2,64,2,75,civil,2,0
8.49,851,1,66,5,62,mech,0,1
9.19,782,2,68,2,81,cse,6,1
9.54,889,3,70,0,94,cse,8,1
7.29,653,2,61,1,40,mech,5,1
8.02,462,0,96,4,60,ece,0,0
5.82,943,3,66,3,82,cse,8,0
8.49,384,3,97,2,64,cse,5,0
9.06,196,2,75,2,76,cse,2,0
8.47,527,0,82,5,57,cse,1,0
9.63,500,2,82,2,41,civil,1,1
7.19,366,2,83,4,71,eee,2,1
9.12,290,0,71,1,67,ece,0,1
9.4,658,0,63,5,82,cse,2,1
9.73,735,1,100,3,97,civil,6,1
8.05,614,3,57,4,73,mech,3,1
7.42,645,1,60,4,89,ece,2,0
7.25,932,0,84,2,84,civil,8,0
7.64,707,3,77,1,93,ece,4,1
8.21,795,3,76,2,52,cse,8,1
9.04,802,2,66,1,47,ece,0,1
8.14,510,0,77,3,91,mech,4,0
8.03,617,2,85,0,85,cse,0,1
9.86,625,3,74,2,74,mech,7,1
8.08,757,3,74,0,66,ece,6,0
7.42,184,2,76,0,41,mech,3,0
8.65,631,1,57,4,87,mech,4,0
8.27,625,3,60,0,96,civil,5,1
8.63,378,2,68,0,84,eee,7,0
6.31,508,0,65,4,50,mech,6,0
7.42,390,0,75,4,58,civil,8,0
8.94,776,3,77,2,66,mech,3,1
6.99,418,2,69,2,85,eee,1,0
6.87,274,3,91,4,77,ece,3,0
9.75,414,2,92,3,58,ece,4,0
6.69,688,1,64,1,43,civil,5,0
6.08,890,3,68,4,82,civil,8,0
9.7,252,1,65,0,40,civil,7,1
8.61,267,3,57,3,60,eee,8,1
6.79,876,3,78,2,70,civil,2,0
6.07,400,0,57,2,57,civil,6,0
7.22,215,1,94,1,76,cse,0,1
8.82,514,0,63,0,53,mech,5,0
9.39,691,3,67,2,77,eee,7,0
8.0,590,0,91,4,53,cse,4,0
7.99,343,2,99,2,65,mech,3,1
6.5,705,2,58,1,58,ece,3,0
